record_kind,id,component_id,item,quantity,mvp_category,planned_mxn_2026_09_15,actual_quote_mxn,vendor,part_number,purchase_status,source_json,component_json
TWIN,BOM-01,CMP-01,Raspberry Pi 5 2 GB,1,REQUIRED_MVP,,,,,,"{""bom_id"": ""BOM-01"", ""number"": 1, ""name"": ""Raspberry Pi 5 2 GB"", ""quantity"": ""1"", ""component_id"": ""CMP-01"", ""category"": ""ELECTRONICS"", ""system_id"": ""ELECTRONICS"", ""location"": ""Panel posterior alto, junto a c\u00e1mara"", ""function"": ""Percepci\u00f3n y evidencia local"", ""interface"": ""USB-C 5.1 V; CSI; USB CDC"", ""fixation"": ""Separadores M3 sobre soporte PETG aislante"", ""calibration"": ""Versionar OS y medir temperatura/RAM"", ""faults"": ""Throttling o reinicio"", ""test"": ""P08/P14/P15 captura, disco y t\u00e9rmica"", ""input"": ""USB-C 5.1 V; CSI; USB CDC"", ""output"": ""Percepci\u00f3n y evidencia local"", ""power"": ""USB-C 5.1 V; CSI; USB CDC"", ""signal"": ""USB-C 5.1 V; CSI; USB CDC"", ""controller"": ""Seg\u00fan interfaz; Pi para percepci\u00f3n"", ""accessibility"": ""Aislar actuadores; retirar panel de servicio MECH-65, acceder por Panel posterior alto, junto a c\u00e1mara"", ""measurement_status"": ""TBC-MEDIR"", ""modeled"": true, ""document_section"": 37}","{""bom_id"": ""BOM-01"", ""number"": 1, ""name"": ""Raspberry Pi 5 2 GB"", ""quantity"": 1, ""component_id"": ""CMP-01"", ""category"": ""ELECTRONICS"", ""system_id"": ""ELECTRONICS"", ""location"": ""Panel posterior alto, junto a c\u00e1mara"", ""function"": ""Percepci\u00f3n y evidencia local"", ""interface"": ""USB-C 5.1 V; CSI; USB CDC"", ""fixation"": ""Separadores M3 sobre soporte PETG aislante"", ""calibration"": ""Versionar OS y medir temperatura/RAM"", ""faults"": ""Throttling o reinicio"", ""test"": ""P08/P14/P15 captura, disco y t\u00e9rmica"", ""input"": ""USB-C 5.1 V; CSI; USB CDC"", ""output"": ""Percepci\u00f3n y evidencia local"", ""power"": ""USB-C 5.1 V; CSI; USB CDC"", ""signal"": ""USB-C 5.1 V; CSI; USB CDC"", ""controller"": ""Seg\u00fan interfaz; Pi para percepci\u00f3n"", ""accessibility"": ""Aislar actuadores; retirar panel de servicio MECH-65, acceder por Panel posterior alto, junto a c\u00e1mara"", ""measurement_status"": ""TBC-MEDIR"", ""modeled"": true, ""document_section"": 37, ""mechanical_parent"": ""MECH-65"", ""electrical_parent"": ""Ver wiring.json"", ""connector"": ""Ver wiring.json"", ""state"": ""STATIC"", ""assembly_group"": ""L""}"
TWIN,BOM-02,CMP-02,Raspberry Pi Camera Module 3 estándar visible,1,REQUIRED_MVP,,,,,,"{""bom_id"": ""BOM-02"", ""number"": 2, ""name"": ""Raspberry Pi Camera Module 3 est\u00e1ndar visible"", ""quantity"": ""1"", ""component_id"": ""CMP-02"", ""category"": ""ELECTRONICS"", ""system_id"": ""ELECTRONICS"", ""location"": ""Recinto superior fijo, lente hacia bandeja"", ""function"": ""Capturar objeto completo"", ""interface"": ""CSI a CMP-01 mediante HAR-07"", ""fixation"": ""Soporte ranurado PETG sobre bastidor fijo"", ""calibration"": ""ROI, foco, exposici\u00f3n, WB y carta l\u00edmite"", ""faults"": ""Recorte de objeto, desenfoque"", ""test"": ""P08 objeto de 150 mm y frame fresco"", ""input"": ""CSI a CMP-01 mediante HAR-07"", ""output"": ""Capturar objeto completo"", ""power"": ""CSI a CMP-01 mediante HAR-07"", ""signal"": ""CSI a CMP-01 mediante HAR-07"", ""controller"": ""Seg\u00fan interfaz; Pi para percepci\u00f3n"", ""accessibility"": ""Aislar actuadores; retirar panel de servicio MECH-65, acceder por Recinto superior fijo, lente hacia bandeja"", ""measurement_status"": ""TBC-MEDIR"", ""modeled"": true, ""document_section"": 37}","{""bom_id"": ""BOM-02"", ""number"": 2, ""name"": ""Raspberry Pi Camera Module 3 est\u00e1ndar visible"", ""quantity"": 1, ""component_id"": ""CMP-02"", ""category"": ""ELECTRONICS"", ""system_id"": ""ELECTRONICS"", ""location"": ""Recinto superior fijo, lente hacia bandeja"", ""function"": ""Capturar objeto completo"", ""interface"": ""CSI a CMP-01 mediante HAR-07"", ""fixation"": ""Soporte ranurado PETG sobre bastidor fijo"", ""calibration"": ""ROI, foco, exposici\u00f3n, WB y carta l\u00edmite"", ""faults"": ""Recorte de objeto, desenfoque"", ""test"": ""P08 objeto de 150 mm y frame fresco"", ""input"": ""CSI a CMP-01 mediante HAR-07"", ""output"": ""Capturar objeto completo"", ""power"": ""CSI a CMP-01 mediante HAR-07"", ""signal"": ""CSI a CMP-01 mediante HAR-07"", ""controller"": ""Seg\u00fan interfaz; Pi para percepci\u00f3n"", ""accessibility"": ""Aislar actuadores; retirar panel de servicio MECH-65, acceder por Recinto superior fijo, lente hacia bandeja"", ""measurement_status"": ""TBC-MEDIR"", ""modeled"": true, ""document_section"": 37, ""mechanical_parent"": ""MECH-65"", ""electrical_parent"": ""Ver wiring.json"", ""connector"": ""Ver wiring.json"", ""state"": ""STATIC"", ""assembly_group"": ""L""}"
TWIN,BOM-03,ELEC-03,Fuente oficial Raspberry Pi 5 27 W 5.1 V/5 A,1,REQUIRED_MVP,,,,,,"{""bom_id"": ""BOM-03"", ""number"": 3, ""name"": ""Fuente oficial Raspberry Pi 5 27 W 5.1 V/5 A"", ""quantity"": ""1"", ""component_id"": ""ELEC-03"", ""category"": ""ELECTRONICS"", ""system_id"": ""ELECTRONICS"", ""location"": ""Exterior posterior, aislada del residuo"", ""function"": ""Alimentar dominio l\u00f3gico"", ""interface"": ""Red externa cerrada \u2192 USB-C 5.1 V"", ""fixation"": ""Soporte ventilado y alivio del cord\u00f3n"", ""calibration"": ""Medir 5.1 V bajo carga"", ""faults"": ""Undervoltage"", ""test"": ""C1/C2 sin conectar 12 V a esta red"", ""input"": ""Red externa cerrada \u2192 USB-C 5.1 V"", ""output"": ""Alimentar dominio l\u00f3gico"", ""power"": ""Red externa cerrada \u2192 USB-C 5.1 V"", ""signal"": ""Red externa cerrada \u2192 USB-C 5.1 V"", ""controller"": ""Seg\u00fan interfaz; Pi para percepci\u00f3n"", ""accessibility"": ""Aislar actuadores; retirar panel de servicio MECH-65, acceder por Exterior posterior, aislada del residuo"", ""measurement_status"": ""TBC-MEDIR"", ""modeled"": true, ""document_section"": 37}","{""bom_id"": ""BOM-03"", ""number"": 3, ""name"": ""Fuente oficial Raspberry Pi 5 27 W 5.1 V/5 A"", ""quantity"": 1, ""component_id"": ""ELEC-03"", ""category"": ""ELECTRONICS"", ""system_id"": ""ELECTRONICS"", ""location"": ""Exterior posterior, aislada del residuo"", ""function"": ""Alimentar dominio l\u00f3gico"", ""interface"": ""Red externa cerrada \u2192 USB-C 5.1 V"", ""fixation"": ""Soporte ventilado y alivio del cord\u00f3n"", ""calibration"": ""Medir 5.1 V bajo carga"", ""faults"": ""Undervoltage"", ""test"": ""C1/C2 sin conectar 12 V a esta red"", ""input"": ""Red externa cerrada \u2192 USB-C 5.1 V"", ""output"": ""Alimentar dominio l\u00f3gico"", ""power"": ""Red externa cerrada \u2192 USB-C 5.1 V"", ""signal"": ""Red externa cerrada \u2192 USB-C 5.1 V"", ""controller"": ""Seg\u00fan interfaz; Pi para percepci\u00f3n"", ""accessibility"": ""Aislar actuadores; retirar panel de servicio MECH-65, acceder por Exterior posterior, aislada del residuo"", ""measurement_status"": ""TBC-MEDIR"", ""modeled"": true, ""document_section"": 37, ""mechanical_parent"": ""MECH-65"", ""electrical_parent"": ""Ver wiring.json"", ""connector"": ""Ver wiring.json"", ""state"": ""STATIC"", ""assembly_group"": ""L""}"
TWIN,BOM-04,ELEC-04,Active Cooler Raspberry Pi 5,1,REQUIRED_MVP,,,,,,"{""bom_id"": ""BOM-04"", ""number"": 4, ""name"": ""Active Cooler Raspberry Pi 5"", ""quantity"": ""1"", ""component_id"": ""ELEC-04"", ""category"": ""ELECTRONICS"", ""system_id"": ""ELECTRONICS"", ""location"": ""Sobre procesador Pi"", ""function"": ""Extraer calor"", ""interface"": ""Conector FAN de Pi; alimentaci\u00f3n interna"", ""fixation"": ""Anclajes originales"", ""calibration"": ""Leer temperatura y ventilaci\u00f3n"", ""faults"": ""Aire recirculado"", ""test"": ""P15 sesi\u00f3n t\u00e9rmica"", ""input"": ""Conector FAN de Pi; alimentaci\u00f3n interna"", ""output"": ""Extraer calor"", ""power"": ""Conector FAN de Pi; alimentaci\u00f3n interna"", ""signal"": ""Conector FAN de Pi; alimentaci\u00f3n interna"", ""controller"": ""Seg\u00fan interfaz; Pi para percepci\u00f3n"", ""accessibility"": ""Aislar actuadores; retirar panel de servicio MECH-65, acceder por Sobre procesador Pi"", ""measurement_status"": ""TBC-MEDIR"", ""modeled"": true, ""document_section"": 37}","{""bom_id"": ""BOM-04"", ""number"": 4, ""name"": ""Active Cooler Raspberry Pi 5"", ""quantity"": 1, ""component_id"": ""ELEC-04"", ""category"": ""ELECTRONICS"", ""system_id"": ""ELECTRONICS"", ""location"": ""Sobre procesador Pi"", ""function"": ""Extraer calor"", ""interface"": ""Conector FAN de Pi; alimentaci\u00f3n interna"", ""fixation"": ""Anclajes originales"", ""calibration"": ""Leer temperatura y ventilaci\u00f3n"", ""faults"": ""Aire recirculado"", ""test"": ""P15 sesi\u00f3n t\u00e9rmica"", ""input"": ""Conector FAN de Pi; alimentaci\u00f3n interna"", ""output"": ""Extraer calor"", ""power"": ""Conector FAN de Pi; alimentaci\u00f3n interna"", ""signal"": ""Conector FAN de Pi; alimentaci\u00f3n interna"", ""controller"": ""Seg\u00fan interfaz; Pi para percepci\u00f3n"", ""accessibility"": ""Aislar actuadores; retirar panel de servicio MECH-65, acceder por Sobre procesador Pi"", ""measurement_status"": ""TBC-MEDIR"", ""modeled"": true, ""document_section"": 37, ""mechanical_parent"": ""MECH-65"", ""electrical_parent"": ""Ver wiring.json"", ""connector"": ""Ver wiring.json"", ""state"": ""STATIC"", ""assembly_group"": ""L""}"
TWIN,BOM-05,CMP-05,microSD ADATA 64 GB Clase 10,1,REQUIRED_MVP,,,,,,"{""bom_id"": ""BOM-05"", ""number"": 5, ""name"": ""microSD ADATA 64 GB Clase 10"", ""quantity"": ""1"", ""component_id"": ""CMP-05"", ""category"": ""ELECTRONICS"", ""system_id"": ""ELECTRONICS"", ""location"": ""Ranura Pi accesible por panel"", ""function"": ""OS, modelos, evidencia"", ""interface"": ""Bus microSD"", ""fixation"": ""Inserci\u00f3n sin forzar"", ""calibration"": ""Imagen de respaldo y hashes"", ""faults"": ""Corrupci\u00f3n o llena"", ""test"": ""P14 reinicio y ENOSPC"", ""input"": ""Bus microSD"", ""output"": ""OS, modelos, evidencia"", ""power"": ""Bus microSD"", ""signal"": ""Bus microSD"", ""controller"": ""Seg\u00fan interfaz; Pi para percepci\u00f3n"", ""accessibility"": ""Aislar actuadores; retirar panel de servicio MECH-65, acceder por Ranura Pi accesible por panel"", ""measurement_status"": ""TBC-MEDIR"", ""modeled"": true, ""document_section"": 37}","{""bom_id"": ""BOM-05"", ""number"": 5, ""name"": ""microSD ADATA 64 GB Clase 10"", ""quantity"": 1, ""component_id"": ""CMP-05"", ""category"": ""ELECTRONICS"", ""system_id"": ""ELECTRONICS"", ""location"": ""Ranura Pi accesible por panel"", ""function"": ""OS, modelos, evidencia"", ""interface"": ""Bus microSD"", ""fixation"": ""Inserci\u00f3n sin forzar"", ""calibration"": ""Imagen de respaldo y hashes"", ""faults"": ""Corrupci\u00f3n o llena"", ""test"": ""P14 reinicio y ENOSPC"", ""input"": ""Bus microSD"", ""output"": ""OS, modelos, evidencia"", ""power"": ""Bus microSD"", ""signal"": ""Bus microSD"", ""controller"": ""Seg\u00fan interfaz; Pi para percepci\u00f3n"", ""accessibility"": ""Aislar actuadores; retirar panel de servicio MECH-65, acceder por Ranura Pi accesible por panel"", ""measurement_status"": ""TBC-MEDIR"", ""modeled"": true, ""document_section"": 37, ""mechanical_parent"": ""MECH-65"", ""electrical_parent"": ""Ver wiring.json"", ""connector"": ""Ver wiring.json"", ""state"": ""STATIC"", ""assembly_group"": ""L""}"
TWIN,BOM-06,CMP-06,Raspberry Pi Pico W con headers,1,REQUIRED_MVP,,,,,,"{""bom_id"": ""BOM-06"", ""number"": 6, ""name"": ""Raspberry Pi Pico W con headers"", ""quantity"": ""1"", ""component_id"": ""CMP-06"", ""category"": ""ELECTRONICS"", ""system_id"": ""ELECTRONICS"", ""location"": ""Panel posterior se\u00f1al"", ""function"": ""Autoridad f\u00edsica conceptual"", ""interface"": ""USB de Pi; 26 GPIO 3.3 V"", ""fixation"": ""Soporte aislante; headers accesibles"", ""calibration"": ""Pinout y watchdog"", ""faults"": ""Boot/reset o heartbeat vencido"", ""test"": ""P01/P05/P07 salidas seguras"", ""input"": ""USB de Pi; 26 GPIO 3.3 V"", ""output"": ""Autoridad f\u00edsica conceptual"", ""power"": ""USB de Pi; 26 GPIO 3.3 V"", ""signal"": ""USB de Pi; 26 GPIO 3.3 V"", ""controller"": ""Seg\u00fan interfaz; Pi para percepci\u00f3n"", ""accessibility"": ""Aislar actuadores; retirar panel de servicio MECH-65, acceder por Panel posterior se\u00f1al"", ""measurement_status"": ""TBC-MEDIR"", ""modeled"": true, ""document_section"": 37}","{""bom_id"": ""BOM-06"", ""number"": 6, ""name"": ""Raspberry Pi Pico W con headers"", ""quantity"": 1, ""component_id"": ""CMP-06"", ""category"": ""ELECTRONICS"", ""system_id"": ""ELECTRONICS"", ""location"": ""Panel posterior se\u00f1al"", ""function"": ""Autoridad f\u00edsica conceptual"", ""interface"": ""USB de Pi; 26 GPIO 3.3 V"", ""fixation"": ""Soporte aislante; headers accesibles"", ""calibration"": ""Pinout y watchdog"", ""faults"": ""Boot/reset o heartbeat vencido"", ""test"": ""P01/P05/P07 salidas seguras"", ""input"": ""USB de Pi; 26 GPIO 3.3 V"", ""output"": ""Autoridad f\u00edsica conceptual"", ""power"": ""USB de Pi; 26 GPIO 3.3 V"", ""signal"": ""USB de Pi; 26 GPIO 3.3 V"", ""controller"": ""Seg\u00fan interfaz; Pi para percepci\u00f3n"", ""accessibility"": ""Aislar actuadores; retirar panel de servicio MECH-65, acceder por Panel posterior se\u00f1al"", ""measurement_status"": ""TBC-MEDIR"", ""modeled"": true, ""document_section"": 37, ""mechanical_parent"": ""MECH-65"", ""electrical_parent"": ""Ver wiring.json"", ""connector"": ""Ver wiring.json"", ""state"": ""STATIC"", ""assembly_group"": ""L""}"
TWIN,BOM-07,HAR-07,CSI/FPC 15→22 pines 16–30 cm,1,REQUIRED_MVP,,,,,,"{""bom_id"": ""BOM-07"", ""number"": 7, ""name"": ""CSI/FPC 15\u219222 pines 16\u201330 cm"", ""quantity"": ""1"", ""component_id"": ""HAR-07"", ""category"": ""WIRING"", ""system_id"": ""WIRING"", ""location"": ""Canal alto c\u00e1mara a Pi"", ""function"": ""Transportar imagen"", ""interface"": ""15 pines c\u00e1mara \u2192 22 Pi"", ""fixation"": ""Bucle libre y abrazaderas sin prensar FPC"", ""calibration"": ""Orientaci\u00f3n contactos, radio del fabricante TBC"", ""faults"": ""Fatiga/roce"", ""test"": ""P08 continuidad funcional"", ""input"": ""15 pines c\u00e1mara \u2192 22 Pi"", ""output"": ""Transportar imagen"", ""power"": ""Pasivo / sin alimentaci\u00f3n"", ""signal"": ""15 pines c\u00e1mara \u2192 22 Pi"", ""controller"": ""Seg\u00fan interfaz; Pi para percepci\u00f3n"", ""accessibility"": ""Aislar actuadores; retirar panel de servicio MECH-65, acceder por Canal alto c\u00e1mara a Pi"", ""measurement_status"": ""TBC-MEDIR"", ""modeled"": true, ""document_section"": 37}","{""bom_id"": ""BOM-07"", ""number"": 7, ""name"": ""CSI/FPC 15\u219222 pines 16\u201330 cm"", ""quantity"": 1, ""component_id"": ""HAR-07"", ""category"": ""WIRING"", ""system_id"": ""WIRING"", ""location"": ""Canal alto c\u00e1mara a Pi"", ""function"": ""Transportar imagen"", ""interface"": ""15 pines c\u00e1mara \u2192 22 Pi"", ""fixation"": ""Bucle libre y abrazaderas sin prensar FPC"", ""calibration"": ""Orientaci\u00f3n contactos, radio del fabricante TBC"", ""faults"": ""Fatiga/roce"", ""test"": ""P08 continuidad funcional"", ""input"": ""15 pines c\u00e1mara \u2192 22 Pi"", ""output"": ""Transportar imagen"", ""power"": ""Pasivo / sin alimentaci\u00f3n"", ""signal"": ""15 pines c\u00e1mara \u2192 22 Pi"", ""controller"": ""Seg\u00fan interfaz; Pi para percepci\u00f3n"", ""accessibility"": ""Aislar actuadores; retirar panel de servicio MECH-65, acceder por Canal alto c\u00e1mara a Pi"", ""measurement_status"": ""TBC-MEDIR"", ""modeled"": true, ""document_section"": 37, ""mechanical_parent"": ""MECH-65"", ""electrical_parent"": ""Ver wiring.json"", ""connector"": ""Ver wiring.json"", ""state"": ""STATIC"", ""assembly_group"": ""L""}"
TWIN,BOM-08,HAR-08,USB-A→Micro-USB datos,1,REQUIRED_MVP,,,,,,"{""bom_id"": ""BOM-08"", ""number"": 8, ""name"": ""USB-A\u2192Micro-USB datos"", ""quantity"": ""1"", ""component_id"": ""HAR-08"", ""category"": ""WIRING"", ""system_id"": ""WIRING"", ""location"": ""Canal posterior fijo"", ""function"": ""Datos CDC y energ\u00eda Pico"", ""interface"": ""USB-A Pi \u2192 Micro-USB Pico"", ""fixation"": ""Dos alivios de tensi\u00f3n"", ""calibration"": ""Identidad USB y CRC"", ""faults"": ""Desconexi\u00f3n o cable solo carga"", ""test"": ""P04/P07"", ""input"": ""USB-A Pi \u2192 Micro-USB Pico"", ""output"": ""Datos CDC y energ\u00eda Pico"", ""power"": ""Pasivo / sin alimentaci\u00f3n"", ""signal"": ""USB-A Pi \u2192 Micro-USB Pico"", ""controller"": ""Seg\u00fan interfaz; Pi para percepci\u00f3n"", ""accessibility"": ""Aislar actuadores; retirar panel de servicio MECH-65, acceder por Canal posterior fijo"", ""measurement_status"": ""TBC-MEDIR"", ""modeled"": true, ""document_section"": 37}","{""bom_id"": ""BOM-08"", ""number"": 8, ""name"": ""USB-A\u2192Micro-USB datos"", ""quantity"": 1, ""component_id"": ""HAR-08"", ""category"": ""WIRING"", ""system_id"": ""WIRING"", ""location"": ""Canal posterior fijo"", ""function"": ""Datos CDC y energ\u00eda Pico"", ""interface"": ""USB-A Pi \u2192 Micro-USB Pico"", ""fixation"": ""Dos alivios de tensi\u00f3n"", ""calibration"": ""Identidad USB y CRC"", ""faults"": ""Desconexi\u00f3n o cable solo carga"", ""test"": ""P04/P07"", ""input"": ""USB-A Pi \u2192 Micro-USB Pico"", ""output"": ""Datos CDC y energ\u00eda Pico"", ""power"": ""Pasivo / sin alimentaci\u00f3n"", ""signal"": ""USB-A Pi \u2192 Micro-USB Pico"", ""controller"": ""Seg\u00fan interfaz; Pi para percepci\u00f3n"", ""accessibility"": ""Aislar actuadores; retirar panel de servicio MECH-65, acceder por Canal posterior fijo"", ""measurement_status"": ""TBC-MEDIR"", ""modeled"": true, ""document_section"": 37, ""mechanical_parent"": ""MECH-65"", ""electrical_parent"": ""Ver wiring.json"", ""connector"": ""Ver wiring.json"", ""state"": ""STATIC"", ""assembly_group"": ""L""}"
TWIN,BOM-09,ACT-09,"NEMA 17 17HS8401 bipolar 1.8°, 1.8 A/fase",1,TBC_MODEL,,,,,,"{""bom_id"": ""BOM-09"", ""number"": 9, ""name"": ""NEMA 17 17HS8401 bipolar 1.8\u00b0, 1.8 A/fase"", ""quantity"": ""1"", ""component_id"": ""ACT-09"", ""category"": ""ACTUATOR"", ""system_id"": ""ACTUATOR"", ""location"": ""Centro inferior, bajo eje"", ""function"": ""Transmitir par al rotor vac\u00edo"", ""interface"": ""A1 A2 B1 B2 desde ELEC-12"", ""fixation"": ""MECH-10 con M3"", ""calibration"": ""Bobinas, corriente, rampa e \u00edndices"", ""faults"": ""P\u00e9rdida de pasos/calor"", ""test"": ""C4/C5/P10"", ""input"": ""A1 A2 B1 B2 desde ELEC-12"", ""output"": ""Transmitir par al rotor vac\u00edo"", ""power"": ""A1 A2 B1 B2 desde ELEC-12"", ""signal"": ""A1 A2 B1 B2 desde ELEC-12"", ""controller"": ""Pico W"", ""accessibility"": ""Aislar actuadores; retirar panel de servicio MECH-65, acceder por Centro inferior, bajo eje"", ""measurement_status"": ""TBC-MEDIR"", ""modeled"": true, ""document_section"": 37}","{""bom_id"": ""BOM-09"", ""number"": 9, ""name"": ""NEMA 17 17HS8401 bipolar 1.8\u00b0, 1.8 A/fase"", ""quantity"": 1, ""component_id"": ""ACT-09"", ""category"": ""ACTUATOR"", ""system_id"": ""ACTUATOR"", ""location"": ""Centro inferior, bajo eje"", ""function"": ""Transmitir par al rotor vac\u00edo"", ""interface"": ""A1 A2 B1 B2 desde ELEC-12"", ""fixation"": ""MECH-10 con M3"", ""calibration"": ""Bobinas, corriente, rampa e \u00edndices"", ""faults"": ""P\u00e9rdida de pasos/calor"", ""test"": ""C4/C5/P10"", ""input"": ""A1 A2 B1 B2 desde ELEC-12"", ""output"": ""Transmitir par al rotor vac\u00edo"", ""power"": ""A1 A2 B1 B2 desde ELEC-12"", ""signal"": ""A1 A2 B1 B2 desde ELEC-12"", ""controller"": ""Pico W"", ""accessibility"": ""Aislar actuadores; retirar panel de servicio MECH-65, acceder por Centro inferior, bajo eje"", ""measurement_status"": ""TBC-MEDIR"", ""modeled"": true, ""document_section"": 37, ""mechanical_parent"": ""MECH-65"", ""electrical_parent"": ""Ver wiring.json"", ""connector"": ""Ver wiring.json"", ""state"": ""LIVE"", ""assembly_group"": ""L""}"
TWIN,BOM-10,MECH-10,soporte metálico NEMA 17,1,MECHANICAL,,,,,,"{""bom_id"": ""BOM-10"", ""number"": 10, ""name"": ""soporte met\u00e1lico NEMA 17"", ""quantity"": ""1"", ""component_id"": ""MECH-10"", ""category"": ""MECHANICAL"", ""system_id"": ""MECHANICAL"", ""location"": ""Travesa\u00f1o inferior"", ""function"": ""Sostener motor sin absorber carga del rotor"", ""interface"": ""Patr\u00f3n del ACT-09"", ""fixation"": ""M3 al motor, M4/M5 a bastidor"", ""calibration"": ""Escuadra/coaxialidad"", ""faults"": ""Desalineaci\u00f3n"", ""test"": ""Giro desacoplado suave"", ""input"": ""Patr\u00f3n del ACT-09"", ""output"": ""Sostener motor sin absorber carga del rotor"", ""power"": ""Pasivo / sin alimentaci\u00f3n"", ""signal"": ""Patr\u00f3n del ACT-09"", ""controller"": ""Seg\u00fan interfaz; Pi para percepci\u00f3n"", ""accessibility"": ""Aislar actuadores; retirar panel de servicio MECH-65, acceder por Travesa\u00f1o inferior"", ""measurement_status"": ""TBC-MEDIR"", ""modeled"": true, ""document_section"": 37}","{""bom_id"": ""BOM-10"", ""number"": 10, ""name"": ""soporte met\u00e1lico NEMA 17"", ""quantity"": 1, ""component_id"": ""MECH-10"", ""category"": ""MECHANICAL"", ""system_id"": ""MECHANICAL"", ""location"": ""Travesa\u00f1o inferior"", ""function"": ""Sostener motor sin absorber carga del rotor"", ""interface"": ""Patr\u00f3n del ACT-09"", ""fixation"": ""M3 al motor, M4/M5 a bastidor"", ""calibration"": ""Escuadra/coaxialidad"", ""faults"": ""Desalineaci\u00f3n"", ""test"": ""Giro desacoplado suave"", ""input"": ""Patr\u00f3n del ACT-09"", ""output"": ""Sostener motor sin absorber carga del rotor"", ""power"": ""Pasivo / sin alimentaci\u00f3n"", ""signal"": ""Patr\u00f3n del ACT-09"", ""controller"": ""Seg\u00fan interfaz; Pi para percepci\u00f3n"", ""accessibility"": ""Aislar actuadores; retirar panel de servicio MECH-65, acceder por Travesa\u00f1o inferior"", ""measurement_status"": ""TBC-MEDIR"", ""modeled"": true, ""document_section"": 37, ""mechanical_parent"": ""MECH-65"", ""electrical_parent"": ""Ver wiring.json"", ""connector"": ""Ver wiring.json"", ""state"": ""STATIC"", ""assembly_group"": ""L""}"
TWIN,BOM-11,MECH-11,acople flexible 5→8 mm,1,MECHANICAL,,,,,,"{""bom_id"": ""BOM-11"", ""number"": 11, ""name"": ""acople flexible 5\u21928 mm"", ""quantity"": ""1"", ""component_id"": ""MECH-11"", ""category"": ""MECHANICAL"", ""system_id"": ""MECHANICAL"", ""location"": ""Entre motor y eje"", ""function"": ""Transmitir par y tolerar desalineaci\u00f3n peque\u00f1a"", ""interface"": ""5 mm motor / 8 mm eje de referencia"", ""fixation"": ""Tornillos prisioneros sobre planos"", ""calibration"": ""Di\u00e1metros y separaci\u00f3n axial TBC"", ""faults"": ""Patina o flexiona excesivo"", ""test"": ""Marca testigo sin deslizamiento"", ""input"": ""5 mm motor / 8 mm eje de referencia"", ""output"": ""Transmitir par y tolerar desalineaci\u00f3n peque\u00f1a"", ""power"": ""Pasivo / sin alimentaci\u00f3n"", ""signal"": ""5 mm motor / 8 mm eje de referencia"", ""controller"": ""Seg\u00fan interfaz; Pi para percepci\u00f3n"", ""accessibility"": ""Aislar actuadores; retirar panel de servicio MECH-65, acceder por Entre motor y eje"", ""measurement_status"": ""TBC-MEDIR"", ""modeled"": true, ""document_section"": 37}","{""bom_id"": ""BOM-11"", ""number"": 11, ""name"": ""acople flexible 5\u21928 mm"", ""quantity"": 1, ""component_id"": ""MECH-11"", ""category"": ""MECHANICAL"", ""system_id"": ""MECHANICAL"", ""location"": ""Entre motor y eje"", ""function"": ""Transmitir par y tolerar desalineaci\u00f3n peque\u00f1a"", ""interface"": ""5 mm motor / 8 mm eje de referencia"", ""fixation"": ""Tornillos prisioneros sobre planos"", ""calibration"": ""Di\u00e1metros y separaci\u00f3n axial TBC"", ""faults"": ""Patina o flexiona excesivo"", ""test"": ""Marca testigo sin deslizamiento"", ""input"": ""5 mm motor / 8 mm eje de referencia"", ""output"": ""Transmitir par y tolerar desalineaci\u00f3n peque\u00f1a"", ""power"": ""Pasivo / sin alimentaci\u00f3n"", ""signal"": ""5 mm motor / 8 mm eje de referencia"", ""controller"": ""Seg\u00fan interfaz; Pi para percepci\u00f3n"", ""accessibility"": ""Aislar actuadores; retirar panel de servicio MECH-65, acceder por Entre motor y eje"", ""measurement_status"": ""TBC-MEDIR"", ""modeled"": true, ""document_section"": 37, ""mechanical_parent"": ""MECH-65"", ""electrical_parent"": ""Ver wiring.json"", ""connector"": ""Ver wiring.json"", ""state"": ""STATIC"", ""assembly_group"": ""L""}"
TWIN,BOM-12,ELEC-12,DRV8825,1,TBC_MODEL,,,,,,"{""bom_id"": ""BOM-12"", ""number"": 12, ""name"": ""DRV8825"", ""quantity"": ""1"", ""component_id"": ""ELEC-12"", ""category"": ""ELECTRONICS"", ""system_id"": ""ELECTRONICS"", ""location"": ""Panel potencia ventilado"", ""function"": ""Regular bobinas"", ""interface"": ""12 V VMOT; GPIO0/1/2; bobinas"", ""fixation"": ""Soporte aislante y disipador"", ""calibration"": ""Leer Rsense, f\u00f3rmula TI y medir corriente"", ""faults"": ""Sobretemperatura o shoot-through de cableado"", ""test"": ""C4/P10 sin hot-plug"", ""input"": ""12 V VMOT; GPIO0/1/2; bobinas"", ""output"": ""Regular bobinas"", ""power"": ""12 V VMOT; GPIO0/1/2; bobinas"", ""signal"": ""12 V VMOT; GPIO0/1/2; bobinas"", ""controller"": ""Seg\u00fan interfaz; Pi para percepci\u00f3n"", ""accessibility"": ""Aislar actuadores; retirar panel de servicio MECH-65, acceder por Panel potencia ventilado"", ""measurement_status"": ""TBC-MEDIR"", ""modeled"": true, ""document_section"": 37}","{""bom_id"": ""BOM-12"", ""number"": 12, ""name"": ""DRV8825"", ""quantity"": 1, ""component_id"": ""ELEC-12"", ""category"": ""ELECTRONICS"", ""system_id"": ""ELECTRONICS"", ""location"": ""Panel potencia ventilado"", ""function"": ""Regular bobinas"", ""interface"": ""12 V VMOT; GPIO0/1/2; bobinas"", ""fixation"": ""Soporte aislante y disipador"", ""calibration"": ""Leer Rsense, f\u00f3rmula TI y medir corriente"", ""faults"": ""Sobretemperatura o shoot-through de cableado"", ""test"": ""C4/P10 sin hot-plug"", ""input"": ""12 V VMOT; GPIO0/1/2; bobinas"", ""output"": ""Regular bobinas"", ""power"": ""12 V VMOT; GPIO0/1/2; bobinas"", ""signal"": ""12 V VMOT; GPIO0/1/2; bobinas"", ""controller"": ""Seg\u00fan interfaz; Pi para percepci\u00f3n"", ""accessibility"": ""Aislar actuadores; retirar panel de servicio MECH-65, acceder por Panel potencia ventilado"", ""measurement_status"": ""TBC-MEDIR"", ""modeled"": true, ""document_section"": 37, ""mechanical_parent"": ""MECH-65"", ""electrical_parent"": ""Ver wiring.json"", ""connector"": ""Ver wiring.json"", ""state"": ""STATIC"", ""assembly_group"": ""L""}"
TWIN,BOM-13,ELEC-13,disipador DRV8825,1,REQUIRED_MVP,,,,,,"{""bom_id"": ""BOM-13"", ""number"": 13, ""name"": ""disipador DRV8825"", ""quantity"": ""1"", ""component_id"": ""ELEC-13"", ""category"": ""ELECTRONICS"", ""system_id"": ""ELECTRONICS"", ""location"": ""Cara t\u00e9rmica DRV"", ""function"": ""Disipar calor"", ""interface"": ""Interfaz t\u00e9rmica ELEC-12"", ""fixation"": ""Adhesivo t\u00e9rmico compatible sin cortos"", ""calibration"": ""Temperatura real"", ""faults"": ""Se despega/toca pines"", ""test"": ""P15 estable"", ""input"": ""Interfaz t\u00e9rmica ELEC-12"", ""output"": ""Disipar calor"", ""power"": ""Interfaz t\u00e9rmica ELEC-12"", ""signal"": ""Interfaz t\u00e9rmica ELEC-12"", ""controller"": ""Seg\u00fan interfaz; Pi para percepci\u00f3n"", ""accessibility"": ""Aislar actuadores; retirar panel de servicio MECH-65, acceder por Cara t\u00e9rmica DRV"", ""measurement_status"": ""TBC-MEDIR"", ""modeled"": true, ""document_section"": 37}","{""bom_id"": ""BOM-13"", ""number"": 13, ""name"": ""disipador DRV8825"", ""quantity"": 1, ""component_id"": ""ELEC-13"", ""category"": ""ELECTRONICS"", ""system_id"": ""ELECTRONICS"", ""location"": ""Cara t\u00e9rmica DRV"", ""function"": ""Disipar calor"", ""interface"": ""Interfaz t\u00e9rmica ELEC-12"", ""fixation"": ""Adhesivo t\u00e9rmico compatible sin cortos"", ""calibration"": ""Temperatura real"", ""faults"": ""Se despega/toca pines"", ""test"": ""P15 estable"", ""input"": ""Interfaz t\u00e9rmica ELEC-12"", ""output"": ""Disipar calor"", ""power"": ""Interfaz t\u00e9rmica ELEC-12"", ""signal"": ""Interfaz t\u00e9rmica ELEC-12"", ""controller"": ""Seg\u00fan interfaz; Pi para percepci\u00f3n"", ""accessibility"": ""Aislar actuadores; retirar panel de servicio MECH-65, acceder por Cara t\u00e9rmica DRV"", ""measurement_status"": ""TBC-MEDIR"", ""modeled"": true, ""document_section"": 37, ""mechanical_parent"": ""MECH-65"", ""electrical_parent"": ""Ver wiring.json"", ""connector"": ""Ver wiring.json"", ""state"": ""STATIC"", ""assembly_group"": ""L""}"
TWIN,BOM-14,ELEC-14,capacitor 100 µF/35 V,2,REQUIRED_MVP,,,,,,"{""bom_id"": ""BOM-14"", ""number"": 14, ""name"": ""capacitor 100 \u00b5F/35 V"", ""quantity"": ""2"", ""component_id"": ""ELEC-14"", ""category"": ""ELECTRONICS"", ""system_id"": ""ELECTRONICS"", ""location"": ""Junto VMOT y entrada XL4005"", ""function"": ""Desacoplo local de 12 V"", ""interface"": ""Electrol\u00edtico polarizado 100 \u00b5F 35 V"", ""fixation"": ""Terminal corto aislado; no flotante"", ""calibration"": ""Polaridad y capacidad"", ""faults"": ""Inversi\u00f3n o transitorio residual"", ""test"": ""C1 tensi\u00f3n; C4 ripple"", ""input"": ""Electrol\u00edtico polarizado 100 \u00b5F 35 V"", ""output"": ""Desacoplo local de 12 V"", ""power"": ""Electrol\u00edtico polarizado 100 \u00b5F 35 V"", ""signal"": ""Electrol\u00edtico polarizado 100 \u00b5F 35 V"", ""controller"": ""Seg\u00fan interfaz; Pi para percepci\u00f3n"", ""accessibility"": ""Aislar actuadores; retirar panel de servicio MECH-65, acceder por Junto VMOT y entrada XL4005"", ""measurement_status"": ""TBC-MEDIR"", ""modeled"": true, ""document_section"": 37}","{""bom_id"": ""BOM-14"", ""number"": 14, ""name"": ""capacitor 100 \u00b5F/35 V"", ""quantity"": 1, ""component_id"": ""ELEC-14-1"", ""category"": ""ELECTRONICS"", ""system_id"": ""ELECTRONICS"", ""location"": ""Junto VMOT y entrada XL4005"", ""function"": ""Desacoplo local de 12 V"", ""interface"": ""Electrol\u00edtico polarizado 100 \u00b5F 35 V"", ""fixation"": ""Terminal corto aislado; no flotante"", ""calibration"": ""Polaridad y capacidad"", ""faults"": ""Inversi\u00f3n o transitorio residual"", ""test"": ""C1 tensi\u00f3n; C4 ripple"", ""input"": ""Electrol\u00edtico polarizado 100 \u00b5F 35 V"", ""output"": ""Desacoplo local de 12 V"", ""power"": ""Electrol\u00edtico polarizado 100 \u00b5F 35 V"", ""signal"": ""Electrol\u00edtico polarizado 100 \u00b5F 35 V"", ""controller"": ""Seg\u00fan interfaz; Pi para percepci\u00f3n"", ""accessibility"": ""Aislar actuadores; retirar panel de servicio MECH-65, acceder por Junto VMOT y entrada XL4005"", ""measurement_status"": ""TBC-MEDIR"", ""modeled"": true, ""document_section"": 37, ""mechanical_parent"": ""MECH-65"", ""electrical_parent"": ""Ver wiring.json"", ""connector"": ""Ver wiring.json"", ""state"": ""STATIC"", ""assembly_group"": ""L""}"
TWIN,BOM-15,ACT-15,MG996R engranes metálicos,1,TBC_MODEL,,,,,,"{""bom_id"": ""BOM-15"", ""number"": 15, ""name"": ""MG996R engranes met\u00e1licos"", ""quantity"": ""1"", ""component_id"": ""ACT-15"", ""category"": ""ACTUATOR"", ""system_id"": ""ACTUATOR"", ""location"": ""Lateral de conjunto pesado de bandeja"", ""function"": ""Abrir/cerrar hoja"", ""interface"": ""6 V externo + PWM GPIO3"", ""fixation"": ""Soporte PETG/M3 sobre soporte pesado, no bastidor"", ""calibration"": ""Pulsos l\u00edmite sin bloqueo y torque"", ""faults"": ""Stall o brownout"", ""test"": ""C6/C7/P11 OPEN/CLOSED"", ""input"": ""6 V externo + PWM GPIO3"", ""output"": ""Abrir/cerrar hoja"", ""power"": ""6 V externo + PWM GPIO3"", ""signal"": ""6 V externo + PWM GPIO3"", ""controller"": ""Pico W"", ""accessibility"": ""Aislar actuadores; retirar panel de servicio MECH-65, acceder por Lateral de conjunto pesado de bandeja"", ""measurement_status"": ""TBC-MEDIR"", ""modeled"": true, ""document_section"": 37}","{""bom_id"": ""BOM-15"", ""number"": 15, ""name"": ""MG996R engranes met\u00e1licos"", ""quantity"": 1, ""component_id"": ""ACT-15"", ""category"": ""ACTUATOR"", ""system_id"": ""ACTUATOR"", ""location"": ""Lateral de conjunto pesado de bandeja"", ""function"": ""Abrir/cerrar hoja"", ""interface"": ""6 V externo + PWM GPIO3"", ""fixation"": ""Soporte PETG/M3 sobre soporte pesado, no bastidor"", ""calibration"": ""Pulsos l\u00edmite sin bloqueo y torque"", ""faults"": ""Stall o brownout"", ""test"": ""C6/C7/P11 OPEN/CLOSED"", ""input"": ""6 V externo + PWM GPIO3"", ""output"": ""Abrir/cerrar hoja"", ""power"": ""6 V externo + PWM GPIO3"", ""signal"": ""6 V externo + PWM GPIO3"", ""controller"": ""Pico W"", ""accessibility"": ""Aislar actuadores; retirar panel de servicio MECH-65, acceder por Lateral de conjunto pesado de bandeja"", ""measurement_status"": ""TBC-MEDIR"", ""modeled"": true, ""document_section"": 37, ""mechanical_parent"": ""MECH-65"", ""electrical_parent"": ""Ver wiring.json"", ""connector"": ""Ver wiring.json"", ""state"": ""LIVE"", ""assembly_group"": ""L""}"
TWIN,BOM-16,MECH-16,horn de servo,1,MECHANICAL,,,,,,"{""bom_id"": ""BOM-16"", ""number"": 16, ""name"": ""horn de servo"", ""quantity"": ""1"", ""component_id"": ""MECH-16"", ""category"": ""MECHANICAL"", ""system_id"": ""MECHANICAL"", ""location"": ""Eje de salida servo"", ""function"": ""Convertir giro a desplazamiento"", ""interface"": ""Estriado y tornillo ACT-15"", ""fixation"": ""Tornillo original compatible"", ""calibration"": ""Radio \u00fatil y cero"", ""faults"": ""Diente flojo"", ""test"": ""Juego sin p\u00e9rdida de transmisi\u00f3n"", ""input"": ""Estriado y tornillo ACT-15"", ""output"": ""Convertir giro a desplazamiento"", ""power"": ""Pasivo / sin alimentaci\u00f3n"", ""signal"": ""Estriado y tornillo ACT-15"", ""controller"": ""Seg\u00fan interfaz; Pi para percepci\u00f3n"", ""accessibility"": ""Aislar actuadores; retirar panel de servicio MECH-65, acceder por Eje de salida servo"", ""measurement_status"": ""TBC-MEDIR"", ""modeled"": true, ""document_section"": 37}","{""bom_id"": ""BOM-16"", ""number"": 16, ""name"": ""horn de servo"", ""quantity"": 1, ""component_id"": ""MECH-16"", ""category"": ""MECHANICAL"", ""system_id"": ""MECHANICAL"", ""location"": ""Eje de salida servo"", ""function"": ""Convertir giro a desplazamiento"", ""interface"": ""Estriado y tornillo ACT-15"", ""fixation"": ""Tornillo original compatible"", ""calibration"": ""Radio \u00fatil y cero"", ""faults"": ""Diente flojo"", ""test"": ""Juego sin p\u00e9rdida de transmisi\u00f3n"", ""input"": ""Estriado y tornillo ACT-15"", ""output"": ""Convertir giro a desplazamiento"", ""power"": ""Pasivo / sin alimentaci\u00f3n"", ""signal"": ""Estriado y tornillo ACT-15"", ""controller"": ""Seg\u00fan interfaz; Pi para percepci\u00f3n"", ""accessibility"": ""Aislar actuadores; retirar panel de servicio MECH-65, acceder por Eje de salida servo"", ""measurement_status"": ""TBC-MEDIR"", ""modeled"": true, ""document_section"": 37, ""mechanical_parent"": ""MECH-65"", ""electrical_parent"": ""Ver wiring.json"", ""connector"": ""Ver wiring.json"", ""state"": ""STATIC"", ""assembly_group"": ""L""}"
TWIN,BOM-17,MECH-17,varilla metálica de enlace,1,MECHANICAL,,,,,,"{""bom_id"": ""BOM-17"", ""number"": 17, ""name"": ""varilla met\u00e1lica de enlace"", ""quantity"": ""1"", ""component_id"": ""MECH-17"", ""category"": ""MECHANICAL"", ""system_id"": ""MECHANICAL"", ""location"": ""Entre horn y brazo de hoja"", ""function"": ""Transmitir fuerza axial"", ""interface"": ""Articulaciones de MECH-16 y MECH-67"", ""fixation"": ""Uniones cautivas con rondanas"", ""calibration"": ""Longitud y \u00e1ngulos anti punto muerto"", ""faults"": ""Roce o pandeo"", ""test"": ""Barrido completo sin singularidad"", ""input"": ""Articulaciones de MECH-16 y MECH-67"", ""output"": ""Transmitir fuerza axial"", ""power"": ""Pasivo / sin alimentaci\u00f3n"", ""signal"": ""Articulaciones de MECH-16 y MECH-67"", ""controller"": ""Seg\u00fan interfaz; Pi para percepci\u00f3n"", ""accessibility"": ""Aislar actuadores; retirar panel de servicio MECH-65, acceder por Entre horn y brazo de hoja"", ""measurement_status"": ""TBC-MEDIR"", ""modeled"": true, ""document_section"": 37}","{""bom_id"": ""BOM-17"", ""number"": 17, ""name"": ""varilla met\u00e1lica de enlace"", ""quantity"": 1, ""component_id"": ""MECH-17"", ""category"": ""MECHANICAL"", ""system_id"": ""MECHANICAL"", ""location"": ""Entre horn y brazo de hoja"", ""function"": ""Transmitir fuerza axial"", ""interface"": ""Articulaciones de MECH-16 y MECH-67"", ""fixation"": ""Uniones cautivas con rondanas"", ""calibration"": ""Longitud y \u00e1ngulos anti punto muerto"", ""faults"": ""Roce o pandeo"", ""test"": ""Barrido completo sin singularidad"", ""input"": ""Articulaciones de MECH-16 y MECH-67"", ""output"": ""Transmitir fuerza axial"", ""power"": ""Pasivo / sin alimentaci\u00f3n"", ""signal"": ""Articulaciones de MECH-16 y MECH-67"", ""controller"": ""Seg\u00fan interfaz; Pi para percepci\u00f3n"", ""accessibility"": ""Aislar actuadores; retirar panel de servicio MECH-65, acceder por Entre horn y brazo de hoja"", ""measurement_status"": ""TBC-MEDIR"", ""modeled"": true, ""document_section"": 37, ""mechanical_parent"": ""MECH-65"", ""electrical_parent"": ""Ver wiring.json"", ""connector"": ""Ver wiring.json"", ""state"": ""STATIC"", ""assembly_group"": ""L""}"
TWIN,BOM-18,SENS-18,VL53L0X,4,TBC_MODEL,,,,,,"{""bom_id"": ""BOM-18"", ""number"": 18, ""name"": ""VL53L0X"", ""quantity"": ""4"", ""component_id"": ""SENS-18"", ""category"": ""SENSOR"", ""system_id"": ""SENSOR"", ""location"": ""Sobre cada boca de bin fuera del flujo"", ""function"": ""Estimar nivel, nunca ca\u00edda"", ""interface"": ""I2C 3.3 V; XSHUT individual"", ""fixation"": ""Soporte fijo PETG protegido"", ""calibration"": ""D_EMPTY D_FULL por bin y prueba de reflectancia"", ""faults"": ""Dato inv\u00e1lido o crosstalk"", ""test"": ""P13 UNKNOWN bloquea destino"", ""input"": ""I2C 3.3 V; XSHUT individual"", ""output"": ""Estimar nivel, nunca ca\u00edda"", ""power"": ""I2C 3.3 V; XSHUT individual"", ""signal"": ""I2C 3.3 V; XSHUT individual"", ""controller"": ""Pico W"", ""accessibility"": ""Aislar actuadores; retirar panel de servicio MECH-65, acceder por Sobre cada boca de bin fuera del flujo"", ""measurement_status"": ""TBC-MEDIR"", ""modeled"": true, ""document_section"": 37}","{""bom_id"": ""BOM-18"", ""number"": 18, ""name"": ""VL53L0X"", ""quantity"": 1, ""component_id"": ""SENS-TOF3"", ""category"": ""SENSOR"", ""system_id"": ""SENSOR"", ""location"": ""Sobre cada boca de bin fuera del flujo"", ""function"": ""Estimar nivel, nunca ca\u00edda"", ""interface"": ""I2C 3.3 V; XSHUT individual"", ""fixation"": ""Soporte fijo PETG protegido"", ""calibration"": ""D_EMPTY D_FULL por bin y prueba de reflectancia"", ""faults"": ""Dato inv\u00e1lido o crosstalk"", ""test"": ""P13 UNKNOWN bloquea destino"", ""input"": ""I2C 3.3 V; XSHUT individual"", ""output"": ""Estimar nivel, nunca ca\u00edda"", ""power"": ""I2C 3.3 V; XSHUT individual"", ""signal"": ""I2C 3.3 V; XSHUT individual"", ""controller"": ""Pico W"", ""accessibility"": ""Aislar actuadores; retirar panel de servicio MECH-65, acceder por Sobre cada boca de bin fuera del flujo"", ""measurement_status"": ""TBC-MEDIR"", ""modeled"": true, ""document_section"": 37, ""mechanical_parent"": ""MECH-65"", ""electrical_parent"": ""CMP-06"", ""connector"": ""Ver wiring.json"", ""state"": ""LIVE"", ""assembly_group"": ""K""}"
TWIN,BOM-19,SENS-19,celda de carga 1 kg + HX711,1,TBC_MODEL,,,,,,"{""bom_id"": ""BOM-19"", ""number"": 19, ""name"": ""celda de carga 1 kg + HX711"", ""quantity"": ""1"", ""component_id"": ""SENS-19"", ""category"": ""SENSOR"", ""system_id"": ""SENSOR"", ""location"": ""Celda bajo bandeja; HX711 atr\u00e1s junto a celda"", ""function"": ""Presencia, estabilidad, sobrepeso, vac\u00edo"", ""interface"": ""Puente E+/E-/A+/A-; DOUT10 SCK11 3.3 V"", ""fixation"": ""Extremo fijo a bastidor; extremo libre al conjunto pesado"", ""calibration"": ""Tara con hoja cerrada; masas trazables; topes"", ""faults"": ""Ruta de carga paralela/deriva"", ""test"": ""P12 carga en centro y esquinas"", ""input"": ""Puente E+/E-/A+/A-; DOUT10 SCK11 3.3 V"", ""output"": ""Presencia, estabilidad, sobrepeso, vac\u00edo"", ""power"": ""Puente E+/E-/A+/A-; DOUT10 SCK11 3.3 V"", ""signal"": ""Puente E+/E-/A+/A-; DOUT10 SCK11 3.3 V"", ""controller"": ""Pico W"", ""accessibility"": ""Aislar actuadores; retirar panel de servicio MECH-65, acceder por Celda bajo bandeja; HX711 atr\u00e1s junto a celda"", ""measurement_status"": ""TBC-MEDIR"", ""modeled"": true, ""document_section"": 37}","{""bom_id"": ""BOM-19"", ""number"": 19, ""name"": ""celda de carga 1 kg + HX711"", ""quantity"": 1, ""component_id"": ""ELEC-HX711"", ""category"": ""SENSOR"", ""system_id"": ""SENSOR"", ""location"": ""Celda bajo bandeja; HX711 atr\u00e1s junto a celda"", ""function"": ""Presencia, estabilidad, sobrepeso, vac\u00edo"", ""interface"": ""Puente E+/E-/A+/A-; DOUT10 SCK11 3.3 V"", ""fixation"": ""Extremo fijo a bastidor; extremo libre al conjunto pesado"", ""calibration"": ""Tara con hoja cerrada; masas trazables; topes"", ""faults"": ""Ruta de carga paralela/deriva"", ""test"": ""P12 carga en centro y esquinas"", ""input"": ""Puente E+/E-/A+/A-; DOUT10 SCK11 3.3 V"", ""output"": ""Presencia, estabilidad, sobrepeso, vac\u00edo"", ""power"": ""Puente E+/E-/A+/A-; DOUT10 SCK11 3.3 V"", ""signal"": ""Puente E+/E-/A+/A-; DOUT10 SCK11 3.3 V"", ""controller"": ""Pico W"", ""accessibility"": ""Aislar actuadores; retirar panel de servicio MECH-65, acceder por Celda bajo bandeja; HX711 atr\u00e1s junto a celda"", ""measurement_status"": ""TBC-MEDIR"", ""modeled"": true, ""document_section"": 37, ""mechanical_parent"": ""MECH-65"", ""electrical_parent"": ""CMP-06"", ""connector"": ""Ver wiring.json"", ""state"": ""LIVE"", ""assembly_group"": ""K""}"
TWIN,BOM-20,SENS-20,reed switch NO rotor,4,REQUIRED_MVP,,,,,,"{""bom_id"": ""BOM-20"", ""number"": 20, ""name"": ""reed switch NO rotor"", ""quantity"": ""4"", ""component_id"": ""SENS-20"", ""category"": ""SENSOR"", ""system_id"": ""SENSOR"", ""location"": ""Corona fija sobre rotor"", ""function"": ""Confirmar \u00edndice real"", ""interface"": ""Contacto NO a GND y pull-up 3.3 V; GPIO16\u201319"", ""fixation"": ""Soporte ranurado, encapsulado protegido"", ""calibration"": ""Un im\u00e1n; ventanas sin solape; 100 ms"", ""faults"": ""Reed ausente o doble"", ""test"": ""P10 cuatro \u00edndices exclusivos"", ""input"": ""Contacto NO a GND y pull-up 3.3 V; GPIO16\u201319"", ""output"": ""Confirmar \u00edndice real"", ""power"": ""Contacto NO a GND y pull-up 3.3 V; GPIO16\u201319"", ""signal"": ""Contacto NO a GND y pull-up 3.3 V; GPIO16\u201319"", ""controller"": ""Pico W"", ""accessibility"": ""Aislar actuadores; retirar panel de servicio MECH-65, acceder por Corona fija sobre rotor"", ""measurement_status"": ""TBC-MEDIR"", ""modeled"": true, ""document_section"": 37}","{""bom_id"": ""BOM-20"", ""number"": 20, ""name"": ""reed switch NO rotor"", ""quantity"": 1, ""component_id"": ""SENS-ROT3"", ""category"": ""SENSOR"", ""system_id"": ""SENSOR"", ""location"": ""Corona fija sobre rotor"", ""function"": ""Confirmar \u00edndice real"", ""interface"": ""Contacto NO a GND y pull-up 3.3 V; GPIO16\u201319"", ""fixation"": ""Soporte ranurado, encapsulado protegido"", ""calibration"": ""Un im\u00e1n; ventanas sin solape; 100 ms"", ""faults"": ""Reed ausente o doble"", ""test"": ""P10 cuatro \u00edndices exclusivos"", ""input"": ""Contacto NO a GND y pull-up 3.3 V; GPIO16\u201319"", ""output"": ""Confirmar \u00edndice real"", ""power"": ""Contacto NO a GND y pull-up 3.3 V; GPIO16\u201319"", ""signal"": ""Contacto NO a GND y pull-up 3.3 V; GPIO16\u201319"", ""controller"": ""Pico W"", ""accessibility"": ""Aislar actuadores; retirar panel de servicio MECH-65, acceder por Corona fija sobre rotor"", ""measurement_status"": ""TBC-MEDIR"", ""modeled"": true, ""document_section"": 37, ""mechanical_parent"": ""MECH-65"", ""electrical_parent"": ""CMP-06"", ""connector"": ""Ver wiring.json"", ""state"": ""LIVE"", ""assembly_group"": ""K""}"
TWIN,BOM-21,MECH-21,imán neodimio,1–2,MECHANICAL,,,,,,"{""bom_id"": ""BOM-21"", ""number"": 21, ""name"": ""im\u00e1n neodimio"", ""quantity"": ""1\u20132"", ""component_id"": ""MECH-21"", ""category"": ""MECHANICAL"", ""system_id"": ""MECHANICAL"", ""location"": ""Pesta\u00f1a del rotor"", ""function"": ""Excitar reed"", ""interface"": ""Campo magn\u00e9tico, sin cable"", ""fixation"": ""Cautivo mec\u00e1nico, no solo pegamento"", ""calibration"": ""Separaci\u00f3n im\u00e1n-reed"", ""faults"": ""Im\u00e1n suelto o dos \u00edndices"", ""test"": ""Repetir vueltas sin ambig\u00fcedad"", ""input"": ""Campo magn\u00e9tico, sin cable"", ""output"": ""Excitar reed"", ""power"": ""Pasivo / sin alimentaci\u00f3n"", ""signal"": ""Campo magn\u00e9tico, sin cable"", ""controller"": ""Seg\u00fan interfaz; Pi para percepci\u00f3n"", ""accessibility"": ""Aislar actuadores; retirar panel de servicio MECH-65, acceder por Pesta\u00f1a del rotor"", ""measurement_status"": ""TBC-MEDIR"", ""modeled"": true, ""document_section"": 37}","{""bom_id"": ""BOM-21"", ""number"": 21, ""name"": ""im\u00e1n neodimio"", ""quantity"": 1, ""component_id"": ""MECH-21"", ""category"": ""MECHANICAL"", ""system_id"": ""MECHANICAL"", ""location"": ""Pesta\u00f1a del rotor"", ""function"": ""Excitar reed"", ""interface"": ""Campo magn\u00e9tico, sin cable"", ""fixation"": ""Cautivo mec\u00e1nico, no solo pegamento"", ""calibration"": ""Separaci\u00f3n im\u00e1n-reed"", ""faults"": ""Im\u00e1n suelto o dos \u00edndices"", ""test"": ""Repetir vueltas sin ambig\u00fcedad"", ""input"": ""Campo magn\u00e9tico, sin cable"", ""output"": ""Excitar reed"", ""power"": ""Pasivo / sin alimentaci\u00f3n"", ""signal"": ""Campo magn\u00e9tico, sin cable"", ""controller"": ""Seg\u00fan interfaz; Pi para percepci\u00f3n"", ""accessibility"": ""Aislar actuadores; retirar panel de servicio MECH-65, acceder por Pesta\u00f1a del rotor"", ""measurement_status"": ""TBC-MEDIR"", ""modeled"": true, ""document_section"": 37, ""mechanical_parent"": ""MECH-65"", ""electrical_parent"": ""Ver wiring.json"", ""connector"": ""Ver wiring.json"", ""state"": ""STATIC"", ""assembly_group"": ""L""}"
TWIN,BOM-22,SENS-22,final de carrera compuerta CLOSED,1,REQUIRED_MVP,,,,,,"{""bom_id"": ""BOM-22"", ""number"": 22, ""name"": ""final de carrera compuerta CLOSED"", ""quantity"": ""1"", ""component_id"": ""SENS-22"", ""category"": ""SENSOR"", ""system_id"": ""SENSOR"", ""location"": ""Soporte pesado junto bisagra"", ""function"": ""Confirmar cierre"", ""interface"": ""Contacto seco GPIO13"", ""fixation"": ""Ranura ajustable; actuador no usado como tope"", ""calibration"": ""Antirrebote 20 ms"", ""faults"": ""Nunca cierra o queda pegado"", ""test"": ""P11 ambos l\u00edmites incompatibles"", ""input"": ""Contacto seco GPIO13"", ""output"": ""Confirmar cierre"", ""power"": ""Contacto seco GPIO13"", ""signal"": ""Contacto seco GPIO13"", ""controller"": ""Pico W"", ""accessibility"": ""Aislar actuadores; retirar panel de servicio MECH-65, acceder por Soporte pesado junto bisagra"", ""measurement_status"": ""TBC-MEDIR"", ""modeled"": true, ""document_section"": 37}","{""bom_id"": ""BOM-22"", ""number"": 22, ""name"": ""final de carrera compuerta CLOSED"", ""quantity"": 1, ""component_id"": ""SENS-22"", ""category"": ""SENSOR"", ""system_id"": ""SENSOR"", ""location"": ""Soporte pesado junto bisagra"", ""function"": ""Confirmar cierre"", ""interface"": ""Contacto seco GPIO13"", ""fixation"": ""Ranura ajustable; actuador no usado como tope"", ""calibration"": ""Antirrebote 20 ms"", ""faults"": ""Nunca cierra o queda pegado"", ""test"": ""P11 ambos l\u00edmites incompatibles"", ""input"": ""Contacto seco GPIO13"", ""output"": ""Confirmar cierre"", ""power"": ""Contacto seco GPIO13"", ""signal"": ""Contacto seco GPIO13"", ""controller"": ""Pico W"", ""accessibility"": ""Aislar actuadores; retirar panel de servicio MECH-65, acceder por Soporte pesado junto bisagra"", ""measurement_status"": ""TBC-MEDIR"", ""modeled"": true, ""document_section"": 37, ""mechanical_parent"": ""MECH-65"", ""electrical_parent"": ""CMP-06"", ""connector"": ""Ver wiring.json"", ""state"": ""LIVE"", ""assembly_group"": ""K""}"
TWIN,BOM-23,SENS-23,final de carrera compuerta OPEN,1,REQUIRED_MVP,,,,,,"{""bom_id"": ""BOM-23"", ""number"": 23, ""name"": ""final de carrera compuerta OPEN"", ""quantity"": ""1"", ""component_id"": ""SENS-23"", ""category"": ""SENSOR"", ""system_id"": ""SENSOR"", ""location"": ""Soporte pesado junto apertura"", ""function"": ""Confirmar apertura"", ""interface"": ""Contacto seco GPIO14"", ""fixation"": ""Ranura ajustable"", ""calibration"": ""Disparo antes del tope duro"", ""faults"": ""Ausencia de OPEN"", ""test"": ""P11 PWM no equivale a posici\u00f3n"", ""input"": ""Contacto seco GPIO14"", ""output"": ""Confirmar apertura"", ""power"": ""Contacto seco GPIO14"", ""signal"": ""Contacto seco GPIO14"", ""controller"": ""Pico W"", ""accessibility"": ""Aislar actuadores; retirar panel de servicio MECH-65, acceder por Soporte pesado junto apertura"", ""measurement_status"": ""TBC-MEDIR"", ""modeled"": true, ""document_section"": 37}","{""bom_id"": ""BOM-23"", ""number"": 23, ""name"": ""final de carrera compuerta OPEN"", ""quantity"": 1, ""component_id"": ""SENS-23"", ""category"": ""SENSOR"", ""system_id"": ""SENSOR"", ""location"": ""Soporte pesado junto apertura"", ""function"": ""Confirmar apertura"", ""interface"": ""Contacto seco GPIO14"", ""fixation"": ""Ranura ajustable"", ""calibration"": ""Disparo antes del tope duro"", ""faults"": ""Ausencia de OPEN"", ""test"": ""P11 PWM no equivale a posici\u00f3n"", ""input"": ""Contacto seco GPIO14"", ""output"": ""Confirmar apertura"", ""power"": ""Contacto seco GPIO14"", ""signal"": ""Contacto seco GPIO14"", ""controller"": ""Pico W"", ""accessibility"": ""Aislar actuadores; retirar panel de servicio MECH-65, acceder por Soporte pesado junto apertura"", ""measurement_status"": ""TBC-MEDIR"", ""modeled"": true, ""document_section"": 37, ""mechanical_parent"": ""MECH-65"", ""electrical_parent"": ""CMP-06"", ""connector"": ""Ver wiring.json"", ""state"": ""LIVE"", ""assembly_group"": ""K""}"
TWIN,BOM-24,SENS-24,final de carrera tapa superior,1,REQUIRED_MVP,,,,,,"{""bom_id"": ""BOM-24"", ""number"": 24, ""name"": ""final de carrera tapa superior"", ""quantity"": ""1"", ""component_id"": ""SENS-24"", ""category"": ""SENSOR"", ""system_id"": ""SENSOR"", ""location"": ""Marco fijo tapa"", ""function"": ""Observar resguardo y cortar potencia"", ""interface"": ""GPIO12 seco + polo f\u00edsico separado TBC"", ""fixation"": ""Soporte firme accionado por tapa"", ""calibration"": ""Verificar contactos independientes del modelo"", ""faults"": ""Un solo polo comparte 12 V y GPIO"", ""test"": ""P02; BLOCKER interfaz real"", ""input"": ""GPIO12 seco + polo f\u00edsico separado TBC"", ""output"": ""Observar resguardo y cortar potencia"", ""power"": ""GPIO12 seco + polo f\u00edsico separado TBC"", ""signal"": ""GPIO12 seco + polo f\u00edsico separado TBC"", ""controller"": ""Pico W"", ""accessibility"": ""Aislar actuadores; retirar panel de servicio MECH-65, acceder por Marco fijo tapa"", ""measurement_status"": ""TBC-MEDIR"", ""modeled"": true, ""document_section"": 37}","{""bom_id"": ""BOM-24"", ""number"": 24, ""name"": ""final de carrera tapa superior"", ""quantity"": 1, ""component_id"": ""SENS-24"", ""category"": ""SENSOR"", ""system_id"": ""SENSOR"", ""location"": ""Marco fijo tapa"", ""function"": ""Observar resguardo y cortar potencia"", ""interface"": ""GPIO12 seco + polo f\u00edsico separado TBC"", ""fixation"": ""Soporte firme accionado por tapa"", ""calibration"": ""Verificar contactos independientes del modelo"", ""faults"": ""Un solo polo comparte 12 V y GPIO"", ""test"": ""P02; BLOCKER interfaz real"", ""input"": ""GPIO12 seco + polo f\u00edsico separado TBC"", ""output"": ""Observar resguardo y cortar potencia"", ""power"": ""GPIO12 seco + polo f\u00edsico separado TBC"", ""signal"": ""GPIO12 seco + polo f\u00edsico separado TBC"", ""controller"": ""Pico W"", ""accessibility"": ""Aislar actuadores; retirar panel de servicio MECH-65, acceder por Marco fijo tapa"", ""measurement_status"": ""TBC-MEDIR"", ""modeled"": true, ""document_section"": 37, ""mechanical_parent"": ""MECH-65"", ""electrical_parent"": ""CMP-06"", ""connector"": ""Ver wiring.json"", ""state"": ""LIVE"", ""assembly_group"": ""K""}"
TWIN,BOM-25,SENS-25,final de carrera puerta servicio,1,REQUIRED_MVP,,,,,,"{""bom_id"": ""BOM-25"", ""number"": 25, ""name"": ""final de carrera puerta servicio"", ""quantity"": ""1"", ""component_id"": ""SENS-25"", ""category"": ""SENSOR"", ""system_id"": ""SENSOR"", ""location"": ""Marco puerta servicio"", ""function"": ""Observar resguardo y cortar potencia"", ""interface"": ""GPIO27 seco + polo f\u00edsico separado TBC"", ""fixation"": ""Soporte antiaflojamiento"", ""calibration"": ""Verificar apertura antes de acceso"", ""faults"": ""Contacto puenteado o roto"", ""test"": ""P02; BLOCKER interfaz real"", ""input"": ""GPIO27 seco + polo f\u00edsico separado TBC"", ""output"": ""Observar resguardo y cortar potencia"", ""power"": ""GPIO27 seco + polo f\u00edsico separado TBC"", ""signal"": ""GPIO27 seco + polo f\u00edsico separado TBC"", ""controller"": ""Pico W"", ""accessibility"": ""Aislar actuadores; retirar panel de servicio MECH-65, acceder por Marco puerta servicio"", ""measurement_status"": ""TBC-MEDIR"", ""modeled"": true, ""document_section"": 37}","{""bom_id"": ""BOM-25"", ""number"": 25, ""name"": ""final de carrera puerta servicio"", ""quantity"": 1, ""component_id"": ""SENS-25"", ""category"": ""SENSOR"", ""system_id"": ""SENSOR"", ""location"": ""Marco puerta servicio"", ""function"": ""Observar resguardo y cortar potencia"", ""interface"": ""GPIO27 seco + polo f\u00edsico separado TBC"", ""fixation"": ""Soporte antiaflojamiento"", ""calibration"": ""Verificar apertura antes de acceso"", ""faults"": ""Contacto puenteado o roto"", ""test"": ""P02; BLOCKER interfaz real"", ""input"": ""GPIO27 seco + polo f\u00edsico separado TBC"", ""output"": ""Observar resguardo y cortar potencia"", ""power"": ""GPIO27 seco + polo f\u00edsico separado TBC"", ""signal"": ""GPIO27 seco + polo f\u00edsico separado TBC"", ""controller"": ""Pico W"", ""accessibility"": ""Aislar actuadores; retirar panel de servicio MECH-65, acceder por Marco puerta servicio"", ""measurement_status"": ""TBC-MEDIR"", ""modeled"": true, ""document_section"": 37, ""mechanical_parent"": ""MECH-65"", ""electrical_parent"": ""CMP-06"", ""connector"": ""Ver wiring.json"", ""state"": ""LIVE"", ""assembly_group"": ""K""}"
TWIN,BOM-26,SENS-26,pulsador momentáneo de rearme,1,REQUIRED_MVP,,,,,,"{""bom_id"": ""BOM-26"", ""number"": 26, ""name"": ""pulsador moment\u00e1neo de rearme"", ""quantity"": ""1"", ""component_id"": ""SENS-26"", ""category"": ""SENSOR"", ""system_id"": ""SENSOR"", ""location"": ""Panel frontal separado del paro"", ""function"": ""Rearme deliberado"", ""interface"": ""GPIO15; interfaz de retenci\u00f3n por cerrar"", ""fixation"": ""Montaje por tuerca seg\u00fan pieza"", ""calibration"": ""Flanco, antirrebote, no nivel mantenido"", ""faults"": ""Rearme pegado"", ""test"": ""P03 no reanudar al liberar paro"", ""input"": ""GPIO15; interfaz de retenci\u00f3n por cerrar"", ""output"": ""Rearme deliberado"", ""power"": ""GPIO15; interfaz de retenci\u00f3n por cerrar"", ""signal"": ""GPIO15; interfaz de retenci\u00f3n por cerrar"", ""controller"": ""Pico W"", ""accessibility"": ""Aislar actuadores; retirar panel de servicio MECH-65, acceder por Panel frontal separado del paro"", ""measurement_status"": ""TBC-MEDIR"", ""modeled"": true, ""document_section"": 37}","{""bom_id"": ""BOM-26"", ""number"": 26, ""name"": ""pulsador moment\u00e1neo de rearme"", ""quantity"": 1, ""component_id"": ""SENS-26"", ""category"": ""SENSOR"", ""system_id"": ""SENSOR"", ""location"": ""Panel frontal separado del paro"", ""function"": ""Rearme deliberado"", ""interface"": ""GPIO15; interfaz de retenci\u00f3n por cerrar"", ""fixation"": ""Montaje por tuerca seg\u00fan pieza"", ""calibration"": ""Flanco, antirrebote, no nivel mantenido"", ""faults"": ""Rearme pegado"", ""test"": ""P03 no reanudar al liberar paro"", ""input"": ""GPIO15; interfaz de retenci\u00f3n por cerrar"", ""output"": ""Rearme deliberado"", ""power"": ""GPIO15; interfaz de retenci\u00f3n por cerrar"", ""signal"": ""GPIO15; interfaz de retenci\u00f3n por cerrar"", ""controller"": ""Pico W"", ""accessibility"": ""Aislar actuadores; retirar panel de servicio MECH-65, acceder por Panel frontal separado del paro"", ""measurement_status"": ""TBC-MEDIR"", ""modeled"": true, ""document_section"": 37, ""mechanical_parent"": ""MECH-65"", ""electrical_parent"": ""CMP-06"", ""connector"": ""Ver wiring.json"", ""state"": ""LIVE"", ""assembly_group"": ""K""}"
TWIN,BOM-27,SENS-27,barrera óptica BIN0,1,TBC_MODEL,,,,,,"{""bom_id"": ""BOM-27"", ""number"": 27, ""name"": ""barrera \u00f3ptica BIN0"", ""quantity"": ""1"", ""component_id"": ""SENS-27"", ""category"": ""SENSOR"", ""system_id"": ""SENSOR"", ""location"": ""Boca BIN0"", ""function"": ""Confirmar paso"", ""interface"": ""TX/RX; salida 3.3 V compatible GPIO20"", ""fixation"": ""Par de soportes opuestos fuera de impacto"", ""calibration"": ""FREE-BLOCKED-FREE y cobertura papel"", ""faults"": ""Haz fino omite papel"", ""test"": ""P11/P12 cobertura f\u00edsica"", ""input"": ""TX/RX; salida 3.3 V compatible GPIO20"", ""output"": ""Confirmar paso"", ""power"": ""TX/RX; salida 3.3 V compatible GPIO20"", ""signal"": ""TX/RX; salida 3.3 V compatible GPIO20"", ""controller"": ""Pico W"", ""accessibility"": ""Aislar actuadores; retirar panel de servicio MECH-65, acceder por Boca BIN0"", ""measurement_status"": ""TBC-MEDIR"", ""modeled"": true, ""document_section"": 37}","{""bom_id"": ""BOM-27"", ""number"": 27, ""name"": ""barrera \u00f3ptica BIN0"", ""quantity"": 1, ""component_id"": ""SENS-27"", ""category"": ""SENSOR"", ""system_id"": ""SENSOR"", ""location"": ""Boca BIN0"", ""function"": ""Confirmar paso"", ""interface"": ""TX/RX; salida 3.3 V compatible GPIO20"", ""fixation"": ""Par de soportes opuestos fuera de impacto"", ""calibration"": ""FREE-BLOCKED-FREE y cobertura papel"", ""faults"": ""Haz fino omite papel"", ""test"": ""P11/P12 cobertura f\u00edsica"", ""input"": ""TX/RX; salida 3.3 V compatible GPIO20"", ""output"": ""Confirmar paso"", ""power"": ""TX/RX; salida 3.3 V compatible GPIO20"", ""signal"": ""TX/RX; salida 3.3 V compatible GPIO20"", ""controller"": ""Pico W"", ""accessibility"": ""Aislar actuadores; retirar panel de servicio MECH-65, acceder por Boca BIN0"", ""measurement_status"": ""TBC-MEDIR"", ""modeled"": true, ""document_section"": 37, ""mechanical_parent"": ""MECH-65"", ""electrical_parent"": ""CMP-06"", ""connector"": ""Ver wiring.json"", ""state"": ""LIVE"", ""assembly_group"": ""K""}"
TWIN,BOM-28,SENS-28,barrera óptica BIN1,1,TBC_MODEL,,,,,,"{""bom_id"": ""BOM-28"", ""number"": 28, ""name"": ""barrera \u00f3ptica BIN1"", ""quantity"": ""1"", ""component_id"": ""SENS-28"", ""category"": ""SENSOR"", ""system_id"": ""SENSOR"", ""location"": ""Boca BIN1"", ""function"": ""Confirmar paso"", ""interface"": ""TX/RX; salida 3.3 V compatible GPIO21"", ""fixation"": ""Par de soportes opuestos"", ""calibration"": ""Cobertura del paso"", ""faults"": ""Bloqueo permanente"", ""test"": ""P11 transici\u00f3n completa"", ""input"": ""TX/RX; salida 3.3 V compatible GPIO21"", ""output"": ""Confirmar paso"", ""power"": ""TX/RX; salida 3.3 V compatible GPIO21"", ""signal"": ""TX/RX; salida 3.3 V compatible GPIO21"", ""controller"": ""Pico W"", ""accessibility"": ""Aislar actuadores; retirar panel de servicio MECH-65, acceder por Boca BIN1"", ""measurement_status"": ""TBC-MEDIR"", ""modeled"": true, ""document_section"": 37}","{""bom_id"": ""BOM-28"", ""number"": 28, ""name"": ""barrera \u00f3ptica BIN1"", ""quantity"": 1, ""component_id"": ""SENS-28"", ""category"": ""SENSOR"", ""system_id"": ""SENSOR"", ""location"": ""Boca BIN1"", ""function"": ""Confirmar paso"", ""interface"": ""TX/RX; salida 3.3 V compatible GPIO21"", ""fixation"": ""Par de soportes opuestos"", ""calibration"": ""Cobertura del paso"", ""faults"": ""Bloqueo permanente"", ""test"": ""P11 transici\u00f3n completa"", ""input"": ""TX/RX; salida 3.3 V compatible GPIO21"", ""output"": ""Confirmar paso"", ""power"": ""TX/RX; salida 3.3 V compatible GPIO21"", ""signal"": ""TX/RX; salida 3.3 V compatible GPIO21"", ""controller"": ""Pico W"", ""accessibility"": ""Aislar actuadores; retirar panel de servicio MECH-65, acceder por Boca BIN1"", ""measurement_status"": ""TBC-MEDIR"", ""modeled"": true, ""document_section"": 37, ""mechanical_parent"": ""MECH-65"", ""electrical_parent"": ""CMP-06"", ""connector"": ""Ver wiring.json"", ""state"": ""LIVE"", ""assembly_group"": ""K""}"
TWIN,BOM-29,SENS-29,barrera óptica BIN2,1,TBC_MODEL,,,,,,"{""bom_id"": ""BOM-29"", ""number"": 29, ""name"": ""barrera \u00f3ptica BIN2"", ""quantity"": ""1"", ""component_id"": ""SENS-29"", ""category"": ""SENSOR"", ""system_id"": ""SENSOR"", ""location"": ""Boca BIN2"", ""function"": ""Confirmar paso"", ""interface"": ""TX/RX; salida 3.3 V compatible GPIO22"", ""fixation"": ""Par de soportes opuestos"", ""calibration"": ""Alineaci\u00f3n con lata"", ""faults"": ""Reflejo o cable cortado"", ""test"": ""P11 destino correcto"", ""input"": ""TX/RX; salida 3.3 V compatible GPIO22"", ""output"": ""Confirmar paso"", ""power"": ""TX/RX; salida 3.3 V compatible GPIO22"", ""signal"": ""TX/RX; salida 3.3 V compatible GPIO22"", ""controller"": ""Pico W"", ""accessibility"": ""Aislar actuadores; retirar panel de servicio MECH-65, acceder por Boca BIN2"", ""measurement_status"": ""TBC-MEDIR"", ""modeled"": true, ""document_section"": 37}","{""bom_id"": ""BOM-29"", ""number"": 29, ""name"": ""barrera \u00f3ptica BIN2"", ""quantity"": 1, ""component_id"": ""SENS-29"", ""category"": ""SENSOR"", ""system_id"": ""SENSOR"", ""location"": ""Boca BIN2"", ""function"": ""Confirmar paso"", ""interface"": ""TX/RX; salida 3.3 V compatible GPIO22"", ""fixation"": ""Par de soportes opuestos"", ""calibration"": ""Alineaci\u00f3n con lata"", ""faults"": ""Reflejo o cable cortado"", ""test"": ""P11 destino correcto"", ""input"": ""TX/RX; salida 3.3 V compatible GPIO22"", ""output"": ""Confirmar paso"", ""power"": ""TX/RX; salida 3.3 V compatible GPIO22"", ""signal"": ""TX/RX; salida 3.3 V compatible GPIO22"", ""controller"": ""Pico W"", ""accessibility"": ""Aislar actuadores; retirar panel de servicio MECH-65, acceder por Boca BIN2"", ""measurement_status"": ""TBC-MEDIR"", ""modeled"": true, ""document_section"": 37, ""mechanical_parent"": ""MECH-65"", ""electrical_parent"": ""CMP-06"", ""connector"": ""Ver wiring.json"", ""state"": ""LIVE"", ""assembly_group"": ""K""}"
TWIN,BOM-30,SENS-30,barrera óptica BIN3,1,TBC_MODEL,,,,,,"{""bom_id"": ""BOM-30"", ""number"": 30, ""name"": ""barrera \u00f3ptica BIN3"", ""quantity"": ""1"", ""component_id"": ""SENS-30"", ""category"": ""SENSOR"", ""system_id"": ""SENSOR"", ""location"": ""Boca BIN3"", ""function"": ""Confirmar paso"", ""interface"": ""TX/RX; salida 3.3 V compatible GPIO26"", ""fixation"": ""Par de soportes opuestos"", ""calibration"": ""FREE-BLOCKED-FREE"", ""faults"": ""Ca\u00edda fuera del haz"", ""test"": ""P11 no inferir ca\u00edda por ToF"", ""input"": ""TX/RX; salida 3.3 V compatible GPIO26"", ""output"": ""Confirmar paso"", ""power"": ""TX/RX; salida 3.3 V compatible GPIO26"", ""signal"": ""TX/RX; salida 3.3 V compatible GPIO26"", ""controller"": ""Pico W"", ""accessibility"": ""Aislar actuadores; retirar panel de servicio MECH-65, acceder por Boca BIN3"", ""measurement_status"": ""TBC-MEDIR"", ""modeled"": true, ""document_section"": 37}","{""bom_id"": ""BOM-30"", ""number"": 30, ""name"": ""barrera \u00f3ptica BIN3"", ""quantity"": 1, ""component_id"": ""SENS-30"", ""category"": ""SENSOR"", ""system_id"": ""SENSOR"", ""location"": ""Boca BIN3"", ""function"": ""Confirmar paso"", ""interface"": ""TX/RX; salida 3.3 V compatible GPIO26"", ""fixation"": ""Par de soportes opuestos"", ""calibration"": ""FREE-BLOCKED-FREE"", ""faults"": ""Ca\u00edda fuera del haz"", ""test"": ""P11 no inferir ca\u00edda por ToF"", ""input"": ""TX/RX; salida 3.3 V compatible GPIO26"", ""output"": ""Confirmar paso"", ""power"": ""TX/RX; salida 3.3 V compatible GPIO26"", ""signal"": ""TX/RX; salida 3.3 V compatible GPIO26"", ""controller"": ""Pico W"", ""accessibility"": ""Aislar actuadores; retirar panel de servicio MECH-65, acceder por Boca BIN3"", ""measurement_status"": ""TBC-MEDIR"", ""modeled"": true, ""document_section"": 37, ""mechanical_parent"": ""MECH-65"", ""electrical_parent"": ""CMP-06"", ""connector"": ""Ver wiring.json"", ""state"": ""LIVE"", ""assembly_group"": ""K""}"
TWIN,BOM-31,ELEC-31,fuente conmutada externa 12 V/5 A/60 W,1,REQUIRED_MVP,,,,,,"{""bom_id"": ""BOM-31"", ""number"": 31, ""name"": ""fuente conmutada externa 12 V/5 A/60 W"", ""quantity"": ""1"", ""component_id"": ""ELEC-31"", ""category"": ""ELECTRONICS"", ""system_id"": ""ELECTRONICS"", ""location"": ""Exterior posterior"", ""function"": ""Fuente actuadores/auxiliares"", ""interface"": ""12 V 5 A a SAFE-35"", ""fixation"": ""Cerrada; sujeci\u00f3n y ventilaci\u00f3n"", ""calibration"": ""Voltaje/corriente bajo carga"", ""faults"": ""Colapso o sobrecarga"", ""test"": ""C1/C4/C7"", ""input"": ""12 V 5 A a SAFE-35"", ""output"": ""Fuente actuadores/auxiliares"", ""power"": ""12 V 5 A a SAFE-35"", ""signal"": ""12 V 5 A a SAFE-35"", ""controller"": ""Seg\u00fan interfaz; Pi para percepci\u00f3n"", ""accessibility"": ""Aislar actuadores; retirar panel de servicio MECH-65, acceder por Exterior posterior"", ""measurement_status"": ""TBC-MEDIR"", ""modeled"": true, ""document_section"": 37}","{""bom_id"": ""BOM-31"", ""number"": 31, ""name"": ""fuente conmutada externa 12 V/5 A/60 W"", ""quantity"": 1, ""component_id"": ""ELEC-31"", ""category"": ""ELECTRONICS"", ""system_id"": ""ELECTRONICS"", ""location"": ""Exterior posterior"", ""function"": ""Fuente actuadores/auxiliares"", ""interface"": ""12 V 5 A a SAFE-35"", ""fixation"": ""Cerrada; sujeci\u00f3n y ventilaci\u00f3n"", ""calibration"": ""Voltaje/corriente bajo carga"", ""faults"": ""Colapso o sobrecarga"", ""test"": ""C1/C4/C7"", ""input"": ""12 V 5 A a SAFE-35"", ""output"": ""Fuente actuadores/auxiliares"", ""power"": ""12 V 5 A a SAFE-35"", ""signal"": ""12 V 5 A a SAFE-35"", ""controller"": ""Seg\u00fan interfaz; Pi para percepci\u00f3n"", ""accessibility"": ""Aislar actuadores; retirar panel de servicio MECH-65, acceder por Exterior posterior"", ""measurement_status"": ""TBC-MEDIR"", ""modeled"": true, ""document_section"": 37, ""mechanical_parent"": ""MECH-65"", ""electrical_parent"": ""Ver wiring.json"", ""connector"": ""Ver wiring.json"", ""state"": ""STATIC"", ""assembly_group"": ""L""}"
TWIN,BOM-32,ELEC-32,XL4005 buck 5 A → ≈6.0 V,1,TBC_MODEL,,,,,,"{""bom_id"": ""BOM-32"", ""number"": 32, ""name"": ""XL4005 buck 5 A \u2192 \u22486.0 V"", ""quantity"": ""1"", ""component_id"": ""ELEC-32"", ""category"": ""ELECTRONICS"", ""system_id"": ""ELECTRONICS"", ""location"": ""Panel potencia, despu\u00e9s fusible servo"", ""function"": ""Reducir 12 V a 6 V"", ""interface"": ""IN12; OUT6; retorno com\u00fan"", ""fixation"": ""Separadores aislantes ventilados"", ""calibration"": ""Ajustar sin servo; ensayo carga"", ""faults"": ""Calor o 6 V caen"", ""test"": ""C1/C7; 5 A nominal no prueba t\u00e9rmica"", ""input"": ""IN12; OUT6; retorno com\u00fan"", ""output"": ""Reducir 12 V a 6 V"", ""power"": ""IN12; OUT6; retorno com\u00fan"", ""signal"": ""IN12; OUT6; retorno com\u00fan"", ""controller"": ""Seg\u00fan interfaz; Pi para percepci\u00f3n"", ""accessibility"": ""Aislar actuadores; retirar panel de servicio MECH-65, acceder por Panel potencia, despu\u00e9s fusible servo"", ""measurement_status"": ""TBC-MEDIR"", ""modeled"": true, ""document_section"": 37}","{""bom_id"": ""BOM-32"", ""number"": 32, ""name"": ""XL4005 buck 5 A \u2192 \u22486.0 V"", ""quantity"": 1, ""component_id"": ""ELEC-32"", ""category"": ""ELECTRONICS"", ""system_id"": ""ELECTRONICS"", ""location"": ""Panel potencia, despu\u00e9s fusible servo"", ""function"": ""Reducir 12 V a 6 V"", ""interface"": ""IN12; OUT6; retorno com\u00fan"", ""fixation"": ""Separadores aislantes ventilados"", ""calibration"": ""Ajustar sin servo; ensayo carga"", ""faults"": ""Calor o 6 V caen"", ""test"": ""C1/C7; 5 A nominal no prueba t\u00e9rmica"", ""input"": ""IN12; OUT6; retorno com\u00fan"", ""output"": ""Reducir 12 V a 6 V"", ""power"": ""IN12; OUT6; retorno com\u00fan"", ""signal"": ""IN12; OUT6; retorno com\u00fan"", ""controller"": ""Seg\u00fan interfaz; Pi para percepci\u00f3n"", ""accessibility"": ""Aislar actuadores; retirar panel de servicio MECH-65, acceder por Panel potencia, despu\u00e9s fusible servo"", ""measurement_status"": ""TBC-MEDIR"", ""modeled"": true, ""document_section"": 37, ""mechanical_parent"": ""MECH-65"", ""electrical_parent"": ""Ver wiring.json"", ""connector"": ""Ver wiring.json"", ""state"": ""STATIC"", ""assembly_group"": ""L""}"
TWIN,BOM-33,SAFE-33,paro emergencia LAY37 enclavable NC+NO,1,REQUIRED_MVP,,,,,,"{""bom_id"": ""BOM-33"", ""number"": 33, ""name"": ""paro emergencia LAY37 enclavable NC+NO"", ""quantity"": ""1"", ""component_id"": ""SAFE-33"", ""category"": ""ELECTRONICS"", ""system_id"": ""ELECTRONICS"", ""location"": ""Frente superior accesible"", ""function"": ""Cortar autorizaci\u00f3n f\u00edsicamente"", ""interface"": ""NC en cadena; NO auxiliar seg\u00fan contactos"", ""fixation"": ""Tuerca de panel, identificaci\u00f3n"", ""calibration"": ""Continuidad ambos estados"", ""faults"": ""Contacto soldado o mal cableado"", ""test"": ""P03 medir corte DC"", ""input"": ""NC en cadena; NO auxiliar seg\u00fan contactos"", ""output"": ""Cortar autorizaci\u00f3n f\u00edsicamente"", ""power"": ""NC en cadena; NO auxiliar seg\u00fan contactos"", ""signal"": ""NC en cadena; NO auxiliar seg\u00fan contactos"", ""controller"": ""Seg\u00fan interfaz; Pi para percepci\u00f3n"", ""accessibility"": ""Aislar actuadores; retirar panel de servicio MECH-65, acceder por Frente superior accesible"", ""measurement_status"": ""TBC-MEDIR"", ""modeled"": true, ""document_section"": 37}","{""bom_id"": ""BOM-33"", ""number"": 33, ""name"": ""paro emergencia LAY37 enclavable NC+NO"", ""quantity"": 1, ""component_id"": ""SAFE-33"", ""category"": ""ELECTRONICS"", ""system_id"": ""ELECTRONICS"", ""location"": ""Frente superior accesible"", ""function"": ""Cortar autorizaci\u00f3n f\u00edsicamente"", ""interface"": ""NC en cadena; NO auxiliar seg\u00fan contactos"", ""fixation"": ""Tuerca de panel, identificaci\u00f3n"", ""calibration"": ""Continuidad ambos estados"", ""faults"": ""Contacto soldado o mal cableado"", ""test"": ""P03 medir corte DC"", ""input"": ""NC en cadena; NO auxiliar seg\u00fan contactos"", ""output"": ""Cortar autorizaci\u00f3n f\u00edsicamente"", ""power"": ""NC en cadena; NO auxiliar seg\u00fan contactos"", ""signal"": ""NC en cadena; NO auxiliar seg\u00fan contactos"", ""controller"": ""Seg\u00fan interfaz; Pi para percepci\u00f3n"", ""accessibility"": ""Aislar actuadores; retirar panel de servicio MECH-65, acceder por Frente superior accesible"", ""measurement_status"": ""TBC-MEDIR"", ""modeled"": true, ""document_section"": 37, ""mechanical_parent"": ""MECH-65"", ""electrical_parent"": ""Ver wiring.json"", ""connector"": ""Ver wiring.json"", ""state"": ""STATIC"", ""assembly_group"": ""L""}"
TWIN,BOM-34,SAFE-34,relevador 12 V 1 canal 10 A,1,TBC_MODEL,,,,,,"{""bom_id"": ""BOM-34"", ""number"": 34, ""name"": ""relevador 12 V 1 canal 10 A"", ""quantity"": ""1"", ""component_id"": ""SAFE-34"", ""category"": ""ELECTRONICS"", ""system_id"": ""ELECTRONICS"", ""location"": ""Panel potencia"", ""function"": ""Corte com\u00fan de actuadores"", ""interface"": ""12 V bobina; COM/NO carga; l\u00f3gica m\u00f3dulo TBC"", ""fixation"": ""Separadores, terminales cubiertos"", ""calibration"": ""Rating DC, corriente arranque, drop-out"", ""faults"": ""Contacto soldado; auto-rearme"", ""test"": ""HARDWARE-RISK-01; C3"", ""input"": ""12 V bobina; COM/NO carga; l\u00f3gica m\u00f3dulo TBC"", ""output"": ""Corte com\u00fan de actuadores"", ""power"": ""12 V bobina; COM/NO carga; l\u00f3gica m\u00f3dulo TBC"", ""signal"": ""12 V bobina; COM/NO carga; l\u00f3gica m\u00f3dulo TBC"", ""controller"": ""Seg\u00fan interfaz; Pi para percepci\u00f3n"", ""accessibility"": ""Aislar actuadores; retirar panel de servicio MECH-65, acceder por Panel potencia"", ""measurement_status"": ""TBC-MEDIR"", ""modeled"": true, ""document_section"": 37}","{""bom_id"": ""BOM-34"", ""number"": 34, ""name"": ""relevador 12 V 1 canal 10 A"", ""quantity"": 1, ""component_id"": ""SAFE-34"", ""category"": ""ELECTRONICS"", ""system_id"": ""ELECTRONICS"", ""location"": ""Panel potencia"", ""function"": ""Corte com\u00fan de actuadores"", ""interface"": ""12 V bobina; COM/NO carga; l\u00f3gica m\u00f3dulo TBC"", ""fixation"": ""Separadores, terminales cubiertos"", ""calibration"": ""Rating DC, corriente arranque, drop-out"", ""faults"": ""Contacto soldado; auto-rearme"", ""test"": ""HARDWARE-RISK-01; C3"", ""input"": ""12 V bobina; COM/NO carga; l\u00f3gica m\u00f3dulo TBC"", ""output"": ""Corte com\u00fan de actuadores"", ""power"": ""12 V bobina; COM/NO carga; l\u00f3gica m\u00f3dulo TBC"", ""signal"": ""12 V bobina; COM/NO carga; l\u00f3gica m\u00f3dulo TBC"", ""controller"": ""Seg\u00fan interfaz; Pi para percepci\u00f3n"", ""accessibility"": ""Aislar actuadores; retirar panel de servicio MECH-65, acceder por Panel potencia"", ""measurement_status"": ""TBC-MEDIR"", ""modeled"": true, ""document_section"": 37, ""mechanical_parent"": ""MECH-65"", ""electrical_parent"": ""Ver wiring.json"", ""connector"": ""Ver wiring.json"", ""state"": ""STATIC"", ""assembly_group"": ""L""}"
TWIN,BOM-35,SAFE-35,portafusible principal 5×20,1,REQUIRED_MVP,,,,,,"{""bom_id"": ""BOM-35"", ""number"": 35, ""name"": ""portafusible principal 5\u00d720"", ""quantity"": ""1"", ""component_id"": ""SAFE-35"", ""category"": ""ELECTRONICS"", ""system_id"": ""ELECTRONICS"", ""location"": ""Entrada 12 V inmediata"", ""function"": ""Alojar fusible principal"", ""interface"": ""Entrada fuente / distribuci\u00f3n"", ""fixation"": ""Montaje accesible sin tocar vivos"", ""calibration"": ""5\u00d720 real y portador DC"", ""faults"": ""Contacto flojo"", ""test"": ""C0/C1"", ""input"": ""Entrada fuente / distribuci\u00f3n"", ""output"": ""Alojar fusible principal"", ""power"": ""Entrada fuente / distribuci\u00f3n"", ""signal"": ""Entrada fuente / distribuci\u00f3n"", ""controller"": ""Seg\u00fan interfaz; Pi para percepci\u00f3n"", ""accessibility"": ""Aislar actuadores; retirar panel de servicio MECH-65, acceder por Entrada 12 V inmediata"", ""measurement_status"": ""TBC-MEDIR"", ""modeled"": true, ""document_section"": 37}","{""bom_id"": ""BOM-35"", ""number"": 35, ""name"": ""portafusible principal 5\u00d720"", ""quantity"": 1, ""component_id"": ""SAFE-35"", ""category"": ""ELECTRONICS"", ""system_id"": ""ELECTRONICS"", ""location"": ""Entrada 12 V inmediata"", ""function"": ""Alojar fusible principal"", ""interface"": ""Entrada fuente / distribuci\u00f3n"", ""fixation"": ""Montaje accesible sin tocar vivos"", ""calibration"": ""5\u00d720 real y portador DC"", ""faults"": ""Contacto flojo"", ""test"": ""C0/C1"", ""input"": ""Entrada fuente / distribuci\u00f3n"", ""output"": ""Alojar fusible principal"", ""power"": ""Entrada fuente / distribuci\u00f3n"", ""signal"": ""Entrada fuente / distribuci\u00f3n"", ""controller"": ""Seg\u00fan interfaz; Pi para percepci\u00f3n"", ""accessibility"": ""Aislar actuadores; retirar panel de servicio MECH-65, acceder por Entrada 12 V inmediata"", ""measurement_status"": ""TBC-MEDIR"", ""modeled"": true, ""document_section"": 37, ""mechanical_parent"": ""MECH-65"", ""electrical_parent"": ""Ver wiring.json"", ""connector"": ""Ver wiring.json"", ""state"": ""STATIC"", ""assembly_group"": ""L""}"
TWIN,BOM-36,SAFE-36,portafusible rama NEMA,1,REQUIRED_MVP,,,,,,"{""bom_id"": ""BOM-36"", ""number"": 36, ""name"": ""portafusible rama NEMA"", ""quantity"": ""1"", ""component_id"": ""SAFE-36"", ""category"": ""ELECTRONICS"", ""system_id"": ""ELECTRONICS"", ""location"": ""Rama NEMA"", ""function"": ""Alojar fusible motor"", ""interface"": ""12 V cortado \u2192 VMOT"", ""fixation"": ""Panel accesible"", ""calibration"": ""Rating DC/portador"", ""faults"": ""No protege ramal"", ""test"": ""C0/C4"", ""input"": ""12 V cortado \u2192 VMOT"", ""output"": ""Alojar fusible motor"", ""power"": ""12 V cortado \u2192 VMOT"", ""signal"": ""12 V cortado \u2192 VMOT"", ""controller"": ""Seg\u00fan interfaz; Pi para percepci\u00f3n"", ""accessibility"": ""Aislar actuadores; retirar panel de servicio MECH-65, acceder por Rama NEMA"", ""measurement_status"": ""TBC-MEDIR"", ""modeled"": true, ""document_section"": 37}","{""bom_id"": ""BOM-36"", ""number"": 36, ""name"": ""portafusible rama NEMA"", ""quantity"": 1, ""component_id"": ""SAFE-36"", ""category"": ""ELECTRONICS"", ""system_id"": ""ELECTRONICS"", ""location"": ""Rama NEMA"", ""function"": ""Alojar fusible motor"", ""interface"": ""12 V cortado \u2192 VMOT"", ""fixation"": ""Panel accesible"", ""calibration"": ""Rating DC/portador"", ""faults"": ""No protege ramal"", ""test"": ""C0/C4"", ""input"": ""12 V cortado \u2192 VMOT"", ""output"": ""Alojar fusible motor"", ""power"": ""12 V cortado \u2192 VMOT"", ""signal"": ""12 V cortado \u2192 VMOT"", ""controller"": ""Seg\u00fan interfaz; Pi para percepci\u00f3n"", ""accessibility"": ""Aislar actuadores; retirar panel de servicio MECH-65, acceder por Rama NEMA"", ""measurement_status"": ""TBC-MEDIR"", ""modeled"": true, ""document_section"": 37, ""mechanical_parent"": ""MECH-65"", ""electrical_parent"": ""Ver wiring.json"", ""connector"": ""Ver wiring.json"", ""state"": ""STATIC"", ""assembly_group"": ""L""}"
TWIN,BOM-37,SAFE-37,portafusible rama servo,1,REQUIRED_MVP,,,,,,"{""bom_id"": ""BOM-37"", ""number"": 37, ""name"": ""portafusible rama servo"", ""quantity"": ""1"", ""component_id"": ""SAFE-37"", ""category"": ""ELECTRONICS"", ""system_id"": ""ELECTRONICS"", ""location"": ""Rama servo, antes buck"", ""function"": ""Alojar fusible servo"", ""interface"": ""12 V cortado \u2192 XL4005"", ""fixation"": ""Panel accesible"", ""calibration"": ""Corriente entrada buck, curva fusible"", ""faults"": ""Fusible demasiado grande"", ""test"": ""C0/C7"", ""input"": ""12 V cortado \u2192 XL4005"", ""output"": ""Alojar fusible servo"", ""power"": ""12 V cortado \u2192 XL4005"", ""signal"": ""12 V cortado \u2192 XL4005"", ""controller"": ""Seg\u00fan interfaz; Pi para percepci\u00f3n"", ""accessibility"": ""Aislar actuadores; retirar panel de servicio MECH-65, acceder por Rama servo, antes buck"", ""measurement_status"": ""TBC-MEDIR"", ""modeled"": true, ""document_section"": 37}","{""bom_id"": ""BOM-37"", ""number"": 37, ""name"": ""portafusible rama servo"", ""quantity"": 1, ""component_id"": ""SAFE-37"", ""category"": ""ELECTRONICS"", ""system_id"": ""ELECTRONICS"", ""location"": ""Rama servo, antes buck"", ""function"": ""Alojar fusible servo"", ""interface"": ""12 V cortado \u2192 XL4005"", ""fixation"": ""Panel accesible"", ""calibration"": ""Corriente entrada buck, curva fusible"", ""faults"": ""Fusible demasiado grande"", ""test"": ""C0/C7"", ""input"": ""12 V cortado \u2192 XL4005"", ""output"": ""Alojar fusible servo"", ""power"": ""12 V cortado \u2192 XL4005"", ""signal"": ""12 V cortado \u2192 XL4005"", ""controller"": ""Seg\u00fan interfaz; Pi para percepci\u00f3n"", ""accessibility"": ""Aislar actuadores; retirar panel de servicio MECH-65, acceder por Rama servo, antes buck"", ""measurement_status"": ""TBC-MEDIR"", ""modeled"": true, ""document_section"": 37, ""mechanical_parent"": ""MECH-65"", ""electrical_parent"": ""Ver wiring.json"", ""connector"": ""Ver wiring.json"", ""state"": ""STATIC"", ""assembly_group"": ""L""}"
TWIN,BOM-38,SAFE-38,fusible principal ≈5 A,2,TBC_MODEL,,,,,,"{""bom_id"": ""BOM-38"", ""number"": 38, ""name"": ""fusible principal \u22485 A"", ""quantity"": ""2"", ""component_id"": ""SAFE-38"", ""category"": ""ELECTRONICS"", ""system_id"": ""ELECTRONICS"", ""location"": ""Uno en SAFE-35 y uno reserva"", ""function"": ""Proteger conductor principal"", ""interface"": ""\u22485 A, valor por coordinaci\u00f3n"", ""fixation"": ""Dentro portador; repuesto etiquetado"", ""calibration"": ""Curva/ruptura DC TBC"", ""faults"": ""No abre con fuente limitada"", ""test"": ""C0 prueba de coordinaci\u00f3n sin cortocircuito improvisado"", ""input"": ""\u22485 A, valor por coordinaci\u00f3n"", ""output"": ""Proteger conductor principal"", ""power"": ""\u22485 A, valor por coordinaci\u00f3n"", ""signal"": ""\u22485 A, valor por coordinaci\u00f3n"", ""controller"": ""Seg\u00fan interfaz; Pi para percepci\u00f3n"", ""accessibility"": ""Aislar actuadores; retirar panel de servicio MECH-65, acceder por Uno en SAFE-35 y uno reserva"", ""measurement_status"": ""TBC-MEDIR"", ""modeled"": true, ""document_section"": 37}","{""bom_id"": ""BOM-38"", ""number"": 38, ""name"": ""fusible principal \u22485 A"", ""quantity"": 1, ""component_id"": ""SAFE-38-SPARE"", ""category"": ""ELECTRONICS"", ""system_id"": ""ELECTRONICS"", ""location"": ""Uno en SAFE-35 y uno reserva"", ""function"": ""Proteger conductor principal"", ""interface"": ""\u22485 A, valor por coordinaci\u00f3n"", ""fixation"": ""Dentro portador; repuesto etiquetado"", ""calibration"": ""Curva/ruptura DC TBC"", ""faults"": ""No abre con fuente limitada"", ""test"": ""C0 prueba de coordinaci\u00f3n sin cortocircuito improvisado"", ""input"": ""\u22485 A, valor por coordinaci\u00f3n"", ""output"": ""Proteger conductor principal"", ""power"": ""\u22485 A, valor por coordinaci\u00f3n"", ""signal"": ""\u22485 A, valor por coordinaci\u00f3n"", ""controller"": ""Seg\u00fan interfaz; Pi para percepci\u00f3n"", ""accessibility"": ""Almac\u00e9n externo"", ""measurement_status"": ""TBC-MEDIR"", ""modeled"": false, ""document_section"": 37, ""mechanical_parent"": ""MECH-65"", ""electrical_parent"": ""Ver wiring.json"", ""connector"": ""Ver wiring.json"", ""state"": ""STATIC"", ""assembly_group"": ""L""}"
TWIN,BOM-39,SAFE-39,fusible NEMA ≈2–3 A,2,TBC_MODEL,,,,,,"{""bom_id"": ""BOM-39"", ""number"": 39, ""name"": ""fusible NEMA \u22482\u20133 A"", ""quantity"": ""2"", ""component_id"": ""SAFE-39"", ""category"": ""ELECTRONICS"", ""system_id"": ""ELECTRONICS"", ""location"": ""Uno en SAFE-36 y uno reserva"", ""function"": ""Proteger rama motor"", ""interface"": ""\u22482\u20133 A entrada, no corriente de fase"", ""fixation"": ""Portador + reserva"", ""calibration"": ""Medir inrush y curva"", ""faults"": ""Nuisance trip"", ""test"": ""C4/P15"", ""input"": ""\u22482\u20133 A entrada, no corriente de fase"", ""output"": ""Proteger rama motor"", ""power"": ""\u22482\u20133 A entrada, no corriente de fase"", ""signal"": ""\u22482\u20133 A entrada, no corriente de fase"", ""controller"": ""Seg\u00fan interfaz; Pi para percepci\u00f3n"", ""accessibility"": ""Aislar actuadores; retirar panel de servicio MECH-65, acceder por Uno en SAFE-36 y uno reserva"", ""measurement_status"": ""TBC-MEDIR"", ""modeled"": true, ""document_section"": 37}","{""bom_id"": ""BOM-39"", ""number"": 39, ""name"": ""fusible NEMA \u22482\u20133 A"", ""quantity"": 1, ""component_id"": ""SAFE-39-SPARE"", ""category"": ""ELECTRONICS"", ""system_id"": ""ELECTRONICS"", ""location"": ""Uno en SAFE-36 y uno reserva"", ""function"": ""Proteger rama motor"", ""interface"": ""\u22482\u20133 A entrada, no corriente de fase"", ""fixation"": ""Portador + reserva"", ""calibration"": ""Medir inrush y curva"", ""faults"": ""Nuisance trip"", ""test"": ""C4/P15"", ""input"": ""\u22482\u20133 A entrada, no corriente de fase"", ""output"": ""Proteger rama motor"", ""power"": ""\u22482\u20133 A entrada, no corriente de fase"", ""signal"": ""\u22482\u20133 A entrada, no corriente de fase"", ""controller"": ""Seg\u00fan interfaz; Pi para percepci\u00f3n"", ""accessibility"": ""Almac\u00e9n externo"", ""measurement_status"": ""TBC-MEDIR"", ""modeled"": false, ""document_section"": 37, ""mechanical_parent"": ""MECH-65"", ""electrical_parent"": ""Ver wiring.json"", ""connector"": ""Ver wiring.json"", ""state"": ""STATIC"", ""assembly_group"": ""L""}"
TWIN,BOM-40,SAFE-40,fusible servo ≈3–5 A,2,TBC_MODEL,,,,,,"{""bom_id"": ""BOM-40"", ""number"": 40, ""name"": ""fusible servo \u22483\u20135 A"", ""quantity"": ""2"", ""component_id"": ""SAFE-40"", ""category"": ""ELECTRONICS"", ""system_id"": ""ELECTRONICS"", ""location"": ""Uno en SAFE-37 y uno reserva"", ""function"": ""Proteger rama buck"", ""interface"": ""\u22483\u20135 A a 12 V, valor por revisar"", ""fixation"": ""Portador + reserva"", ""calibration"": ""Coordinar cable y corriente fuente"", ""faults"": ""3\u20135 A puede ser excesivo"", ""test"": ""C7/P15"", ""input"": ""\u22483\u20135 A a 12 V, valor por revisar"", ""output"": ""Proteger rama buck"", ""power"": ""\u22483\u20135 A a 12 V, valor por revisar"", ""signal"": ""\u22483\u20135 A a 12 V, valor por revisar"", ""controller"": ""Seg\u00fan interfaz; Pi para percepci\u00f3n"", ""accessibility"": ""Aislar actuadores; retirar panel de servicio MECH-65, acceder por Uno en SAFE-37 y uno reserva"", ""measurement_status"": ""TBC-MEDIR"", ""modeled"": true, ""document_section"": 37}","{""bom_id"": ""BOM-40"", ""number"": 40, ""name"": ""fusible servo \u22483\u20135 A"", ""quantity"": 1, ""component_id"": ""SAFE-40-SPARE"", ""category"": ""ELECTRONICS"", ""system_id"": ""ELECTRONICS"", ""location"": ""Uno en SAFE-37 y uno reserva"", ""function"": ""Proteger rama buck"", ""interface"": ""\u22483\u20135 A a 12 V, valor por revisar"", ""fixation"": ""Portador + reserva"", ""calibration"": ""Coordinar cable y corriente fuente"", ""faults"": ""3\u20135 A puede ser excesivo"", ""test"": ""C7/P15"", ""input"": ""\u22483\u20135 A a 12 V, valor por revisar"", ""output"": ""Proteger rama buck"", ""power"": ""\u22483\u20135 A a 12 V, valor por revisar"", ""signal"": ""\u22483\u20135 A a 12 V, valor por revisar"", ""controller"": ""Seg\u00fan interfaz; Pi para percepci\u00f3n"", ""accessibility"": ""Almac\u00e9n externo"", ""measurement_status"": ""TBC-MEDIR"", ""modeled"": false, ""document_section"": 37, ""mechanical_parent"": ""MECH-65"", ""electrical_parent"": ""Ver wiring.json"", ""connector"": ""Ver wiring.json"", ""state"": ""STATIC"", ""assembly_group"": ""L""}"
TWIN,BOM-41,ELEC-41,1N4007,2,REQUIRED_MVP,,,,,,"{""bom_id"": ""BOM-41"", ""number"": 41, ""name"": ""1N4007"", ""quantity"": ""2"", ""component_id"": ""ELEC-41"", ""category"": ""ELECTRONICS"", ""system_id"": ""ELECTRONICS"", ""location"": ""Panel relay"", ""function"": ""Supresi\u00f3n bobina y aislamiento de retenci\u00f3n propuesto"", ""interface"": ""D1 c\u00e1todo +bobina; D2 retenci\u00f3n propuesta TBC"", ""fixation"": ""Soldado aislado y fijado"", ""calibration"": ""Verificar diodo ya incorporado"", ""faults"": ""Drop-out lento o polaridad invertida"", ""test"": ""C3 medir tiempo real; nunca en paralelo a bobinas NEMA"", ""input"": ""D1 c\u00e1todo +bobina; D2 retenci\u00f3n propuesta TBC"", ""output"": ""Supresi\u00f3n bobina y aislamiento de retenci\u00f3n propuesto"", ""power"": ""D1 c\u00e1todo +bobina; D2 retenci\u00f3n propuesta TBC"", ""signal"": ""D1 c\u00e1todo +bobina; D2 retenci\u00f3n propuesta TBC"", ""controller"": ""Seg\u00fan interfaz; Pi para percepci\u00f3n"", ""accessibility"": ""Aislar actuadores; retirar panel de servicio MECH-65, acceder por Panel relay"", ""measurement_status"": ""TBC-MEDIR"", ""modeled"": true, ""document_section"": 37}","{""bom_id"": ""BOM-41"", ""number"": 41, ""name"": ""1N4007"", ""quantity"": 1, ""component_id"": ""ELEC-41-1"", ""category"": ""ELECTRONICS"", ""system_id"": ""ELECTRONICS"", ""location"": ""Panel relay"", ""function"": ""Supresi\u00f3n bobina y aislamiento de retenci\u00f3n propuesto"", ""interface"": ""D1 c\u00e1todo +bobina; D2 retenci\u00f3n propuesta TBC"", ""fixation"": ""Soldado aislado y fijado"", ""calibration"": ""Verificar diodo ya incorporado"", ""faults"": ""Drop-out lento o polaridad invertida"", ""test"": ""C3 medir tiempo real; nunca en paralelo a bobinas NEMA"", ""input"": ""D1 c\u00e1todo +bobina; D2 retenci\u00f3n propuesta TBC"", ""output"": ""Supresi\u00f3n bobina y aislamiento de retenci\u00f3n propuesto"", ""power"": ""D1 c\u00e1todo +bobina; D2 retenci\u00f3n propuesta TBC"", ""signal"": ""D1 c\u00e1todo +bobina; D2 retenci\u00f3n propuesta TBC"", ""controller"": ""Seg\u00fan interfaz; Pi para percepci\u00f3n"", ""accessibility"": ""Aislar actuadores; retirar panel de servicio MECH-65, acceder por Panel relay"", ""measurement_status"": ""TBC-MEDIR"", ""modeled"": true, ""document_section"": 37, ""mechanical_parent"": ""MECH-65"", ""electrical_parent"": ""Ver wiring.json"", ""connector"": ""Ver wiring.json"", ""state"": ""STATIC"", ""assembly_group"": ""L""}"
TWIN,BOM-42,ELEC-42,indicador verde AD16-22D 12 V,1,OPTIONAL,,,,,,"{""bom_id"": ""BOM-42"", ""number"": 42, ""name"": ""indicador verde AD16-22D 12 V"", ""quantity"": ""1"", ""component_id"": ""ELEC-42"", ""category"": ""ELECTRONICS"", ""system_id"": ""ELECTRONICS"", ""location"": ""Frente superior izquierdo"", ""function"": ""READY"", ""interface"": ""12 V auxiliar + retorno con driver faltante"", ""fixation"": ""Tuerca panel"", ""calibration"": ""Brillo y corriente"", ""faults"": ""No hay salida de potencia en BOM"", ""test"": ""BLOCKER ELEC-LED"", ""input"": ""12 V auxiliar + retorno con driver faltante"", ""output"": ""READY"", ""power"": ""12 V auxiliar + retorno con driver faltante"", ""signal"": ""12 V auxiliar + retorno con driver faltante"", ""controller"": ""Seg\u00fan interfaz; Pi para percepci\u00f3n"", ""accessibility"": ""Aislar actuadores; retirar panel de servicio MECH-65, acceder por Frente superior izquierdo"", ""measurement_status"": ""TBC-MEDIR"", ""modeled"": true, ""document_section"": 37}","{""bom_id"": ""BOM-42"", ""number"": 42, ""name"": ""indicador verde AD16-22D 12 V"", ""quantity"": 1, ""component_id"": ""ELEC-42"", ""category"": ""ELECTRONICS"", ""system_id"": ""ELECTRONICS"", ""location"": ""Frente superior izquierdo"", ""function"": ""READY"", ""interface"": ""12 V auxiliar + retorno con driver faltante"", ""fixation"": ""Tuerca panel"", ""calibration"": ""Brillo y corriente"", ""faults"": ""No hay salida de potencia en BOM"", ""test"": ""BLOCKER ELEC-LED"", ""input"": ""12 V auxiliar + retorno con driver faltante"", ""output"": ""READY"", ""power"": ""12 V auxiliar + retorno con driver faltante"", ""signal"": ""12 V auxiliar + retorno con driver faltante"", ""controller"": ""Seg\u00fan interfaz; Pi para percepci\u00f3n"", ""accessibility"": ""Aislar actuadores; retirar panel de servicio MECH-65, acceder por Frente superior izquierdo"", ""measurement_status"": ""TBC-MEDIR"", ""modeled"": true, ""document_section"": 37, ""mechanical_parent"": ""MECH-65"", ""electrical_parent"": ""Ver wiring.json"", ""connector"": ""Ver wiring.json"", ""state"": ""STATIC"", ""assembly_group"": ""L""}"
TWIN,BOM-43,ELEC-43,indicador amarillo AD16-22D 12 V,1,OPTIONAL,,,,,,"{""bom_id"": ""BOM-43"", ""number"": 43, ""name"": ""indicador amarillo AD16-22D 12 V"", ""quantity"": ""1"", ""component_id"": ""ELEC-43"", ""category"": ""ELECTRONICS"", ""system_id"": ""ELECTRONICS"", ""location"": ""Frente superior centro"", ""function"": ""PROCESANDO o REVIEW"", ""interface"": ""12 V auxiliar + retorno con driver faltante"", ""fixation"": ""Tuerca panel"", ""calibration"": ""Sem\u00e1ntica estable/intermitente"", ""faults"": ""Encendido ambiguo"", ""test"": ""BLOCKER ELEC-LED"", ""input"": ""12 V auxiliar + retorno con driver faltante"", ""output"": ""PROCESANDO o REVIEW"", ""power"": ""12 V auxiliar + retorno con driver faltante"", ""signal"": ""12 V auxiliar + retorno con driver faltante"", ""controller"": ""Seg\u00fan interfaz; Pi para percepci\u00f3n"", ""accessibility"": ""Aislar actuadores; retirar panel de servicio MECH-65, acceder por Frente superior centro"", ""measurement_status"": ""TBC-MEDIR"", ""modeled"": true, ""document_section"": 37}","{""bom_id"": ""BOM-43"", ""number"": 43, ""name"": ""indicador amarillo AD16-22D 12 V"", ""quantity"": 1, ""component_id"": ""ELEC-43"", ""category"": ""ELECTRONICS"", ""system_id"": ""ELECTRONICS"", ""location"": ""Frente superior centro"", ""function"": ""PROCESANDO o REVIEW"", ""interface"": ""12 V auxiliar + retorno con driver faltante"", ""fixation"": ""Tuerca panel"", ""calibration"": ""Sem\u00e1ntica estable/intermitente"", ""faults"": ""Encendido ambiguo"", ""test"": ""BLOCKER ELEC-LED"", ""input"": ""12 V auxiliar + retorno con driver faltante"", ""output"": ""PROCESANDO o REVIEW"", ""power"": ""12 V auxiliar + retorno con driver faltante"", ""signal"": ""12 V auxiliar + retorno con driver faltante"", ""controller"": ""Seg\u00fan interfaz; Pi para percepci\u00f3n"", ""accessibility"": ""Aislar actuadores; retirar panel de servicio MECH-65, acceder por Frente superior centro"", ""measurement_status"": ""TBC-MEDIR"", ""modeled"": true, ""document_section"": 37, ""mechanical_parent"": ""MECH-65"", ""electrical_parent"": ""Ver wiring.json"", ""connector"": ""Ver wiring.json"", ""state"": ""STATIC"", ""assembly_group"": ""L""}"
TWIN,BOM-44,ELEC-44,indicador rojo AD16-22D 12 V,1,OPTIONAL,,,,,,"{""bom_id"": ""BOM-44"", ""number"": 44, ""name"": ""indicador rojo AD16-22D 12 V"", ""quantity"": ""1"", ""component_id"": ""ELEC-44"", ""category"": ""ELECTRONICS"", ""system_id"": ""ELECTRONICS"", ""location"": ""Frente superior derecho"", ""function"": ""FAULT/paro/resguardo"", ""interface"": ""12 V auxiliar + retorno con driver faltante"", ""fixation"": ""Tuerca panel"", ""calibration"": ""Prioridad sobre otros"", ""faults"": ""Se apaga al cortar actuadores si mal conectado"", ""test"": ""BLOCKER ELEC-LED"", ""input"": ""12 V auxiliar + retorno con driver faltante"", ""output"": ""FAULT/paro/resguardo"", ""power"": ""12 V auxiliar + retorno con driver faltante"", ""signal"": ""12 V auxiliar + retorno con driver faltante"", ""controller"": ""Seg\u00fan interfaz; Pi para percepci\u00f3n"", ""accessibility"": ""Aislar actuadores; retirar panel de servicio MECH-65, acceder por Frente superior derecho"", ""measurement_status"": ""TBC-MEDIR"", ""modeled"": true, ""document_section"": 37}","{""bom_id"": ""BOM-44"", ""number"": 44, ""name"": ""indicador rojo AD16-22D 12 V"", ""quantity"": 1, ""component_id"": ""ELEC-44"", ""category"": ""ELECTRONICS"", ""system_id"": ""ELECTRONICS"", ""location"": ""Frente superior derecho"", ""function"": ""FAULT/paro/resguardo"", ""interface"": ""12 V auxiliar + retorno con driver faltante"", ""fixation"": ""Tuerca panel"", ""calibration"": ""Prioridad sobre otros"", ""faults"": ""Se apaga al cortar actuadores si mal conectado"", ""test"": ""BLOCKER ELEC-LED"", ""input"": ""12 V auxiliar + retorno con driver faltante"", ""output"": ""FAULT/paro/resguardo"", ""power"": ""12 V auxiliar + retorno con driver faltante"", ""signal"": ""12 V auxiliar + retorno con driver faltante"", ""controller"": ""Seg\u00fan interfaz; Pi para percepci\u00f3n"", ""accessibility"": ""Aislar actuadores; retirar panel de servicio MECH-65, acceder por Frente superior derecho"", ""measurement_status"": ""TBC-MEDIR"", ""modeled"": true, ""document_section"": 37, ""mechanical_parent"": ""MECH-65"", ""electrical_parent"": ""Ver wiring.json"", ""connector"": ""Ver wiring.json"", ""state"": ""STATIC"", ""assembly_group"": ""L""}"
TWIN,BOM-45,ELEC-45,LED blanco recinto,1,REQUIRED_MVP,,,,,,"{""bom_id"": ""BOM-45"", ""number"": 45, ""name"": ""LED blanco recinto"", ""quantity"": ""1"", ""component_id"": ""ELEC-45"", ""category"": ""ELECTRONICS"", ""system_id"": ""ELECTRONICS"", ""location"": ""Cielo recinto, lateral lente"", ""function"": ""Iluminaci\u00f3n fija homog\u00e9nea"", ""interface"": ""Tensi\u00f3n/driver del LED TBC; rama auxiliar"", ""fixation"": ""Soporte t\u00e9rmico fuera bandeja pesada"", ""calibration"": ""Lux/uniformidad y consumo"", ""faults"": ""LED desnudo sin limitaci\u00f3n"", ""test"": ""BLOCKER tipo de LED no especificado"", ""input"": ""Tensi\u00f3n/driver del LED TBC; rama auxiliar"", ""output"": ""Iluminaci\u00f3n fija homog\u00e9nea"", ""power"": ""Tensi\u00f3n/driver del LED TBC; rama auxiliar"", ""signal"": ""Tensi\u00f3n/driver del LED TBC; rama auxiliar"", ""controller"": ""Seg\u00fan interfaz; Pi para percepci\u00f3n"", ""accessibility"": ""Aislar actuadores; retirar panel de servicio MECH-65, acceder por Cielo recinto, lateral lente"", ""measurement_status"": ""TBC-MEDIR"", ""modeled"": true, ""document_section"": 37}","{""bom_id"": ""BOM-45"", ""number"": 45, ""name"": ""LED blanco recinto"", ""quantity"": 1, ""component_id"": ""ELEC-45"", ""category"": ""ELECTRONICS"", ""system_id"": ""ELECTRONICS"", ""location"": ""Cielo recinto, lateral lente"", ""function"": ""Iluminaci\u00f3n fija homog\u00e9nea"", ""interface"": ""Tensi\u00f3n/driver del LED TBC; rama auxiliar"", ""fixation"": ""Soporte t\u00e9rmico fuera bandeja pesada"", ""calibration"": ""Lux/uniformidad y consumo"", ""faults"": ""LED desnudo sin limitaci\u00f3n"", ""test"": ""BLOCKER tipo de LED no especificado"", ""input"": ""Tensi\u00f3n/driver del LED TBC; rama auxiliar"", ""output"": ""Iluminaci\u00f3n fija homog\u00e9nea"", ""power"": ""Tensi\u00f3n/driver del LED TBC; rama auxiliar"", ""signal"": ""Tensi\u00f3n/driver del LED TBC; rama auxiliar"", ""controller"": ""Seg\u00fan interfaz; Pi para percepci\u00f3n"", ""accessibility"": ""Aislar actuadores; retirar panel de servicio MECH-65, acceder por Cielo recinto, lateral lente"", ""measurement_status"": ""TBC-MEDIR"", ""modeled"": true, ""document_section"": 37, ""mechanical_parent"": ""MECH-65"", ""electrical_parent"": ""Ver wiring.json"", ""connector"": ""Ver wiring.json"", ""state"": ""STATIC"", ""assembly_group"": ""L""}"
TWIN,BOM-46,MECH-46,difusor acrílico opalino,1,REQUIRED_MVP,,,,,,"{""bom_id"": ""BOM-46"", ""number"": 46, ""name"": ""difusor acr\u00edlico opalino"", ""quantity"": ""1"", ""component_id"": ""MECH-46"", ""category"": ""MATERIAL"", ""system_id"": ""MECHANICAL"", ""location"": ""Bajo LED"", ""function"": ""Suavizar luz"", ""interface"": ""\u00d3ptica pasiva"", ""fixation"": ""Marco desmontable del bastidor"", ""calibration"": ""Homogeneidad sin ocultar lente"", ""faults"": ""Suciedad/reflejos"", ""test"": ""P08 sombras y reflejos"", ""input"": ""\u00d3ptica pasiva"", ""output"": ""Suavizar luz"", ""power"": ""Pasivo / sin alimentaci\u00f3n"", ""signal"": ""\u00d3ptica pasiva"", ""controller"": ""Seg\u00fan interfaz; Pi para percepci\u00f3n"", ""accessibility"": ""Aislar actuadores; retirar panel de servicio MECH-65, acceder por Bajo LED"", ""measurement_status"": ""TBC-MEDIR"", ""modeled"": true, ""document_section"": 37}","{""bom_id"": ""BOM-46"", ""number"": 46, ""name"": ""difusor acr\u00edlico opalino"", ""quantity"": 1, ""component_id"": ""MECH-46"", ""category"": ""MATERIAL"", ""system_id"": ""MECHANICAL"", ""location"": ""Bajo LED"", ""function"": ""Suavizar luz"", ""interface"": ""\u00d3ptica pasiva"", ""fixation"": ""Marco desmontable del bastidor"", ""calibration"": ""Homogeneidad sin ocultar lente"", ""faults"": ""Suciedad/reflejos"", ""test"": ""P08 sombras y reflejos"", ""input"": ""\u00d3ptica pasiva"", ""output"": ""Suavizar luz"", ""power"": ""Pasivo / sin alimentaci\u00f3n"", ""signal"": ""\u00d3ptica pasiva"", ""controller"": ""Seg\u00fan interfaz; Pi para percepci\u00f3n"", ""accessibility"": ""Aislar actuadores; retirar panel de servicio MECH-65, acceder por Bajo LED"", ""measurement_status"": ""TBC-MEDIR"", ""modeled"": true, ""document_section"": 37, ""mechanical_parent"": ""MECH-65"", ""electrical_parent"": ""Ver wiring.json"", ""connector"": ""Ver wiring.json"", ""state"": ""STATIC"", ""assembly_group"": ""L""}"
TWIN,BOM-47,HAR-47,KF301 2 pines,6,CONSUMABLE,,,,,,"{""bom_id"": ""BOM-47"", ""number"": 47, ""name"": ""KF301 2 pines"", ""quantity"": ""6"", ""component_id"": ""HAR-47"", ""category"": ""WIRING"", ""system_id"": ""WIRING"", ""location"": ""Panel potencia y auxiliares"", ""function"": ""Seis bloques de dos polos"", ""interface"": ""J01\u2013J06; 12 polos"", ""fixation"": ""Montaje soldado sobre soporte adecuado TBC"", ""calibration"": ""Continuidad y torque fabricante"", ""faults"": ""Bornera para PCB sin soporte"", ""test"": ""C0; no usar colgantes"", ""input"": ""J01\u2013J06; 12 polos"", ""output"": ""Seis bloques de dos polos"", ""power"": ""Pasivo / sin alimentaci\u00f3n"", ""signal"": ""J01\u2013J06; 12 polos"", ""controller"": ""Seg\u00fan interfaz; Pi para percepci\u00f3n"", ""accessibility"": ""Aislar actuadores; retirar panel de servicio MECH-65, acceder por Panel potencia y auxiliares"", ""measurement_status"": ""TBC-MEDIR"", ""modeled"": true, ""document_section"": 37}","{""bom_id"": ""BOM-47"", ""number"": 47, ""name"": ""KF301 2 pines"", ""quantity"": 1, ""component_id"": ""J06"", ""category"": ""WIRING"", ""system_id"": ""WIRING"", ""location"": ""Panel potencia y auxiliares"", ""function"": ""Seis bloques de dos polos"", ""interface"": ""J01\u2013J06; 12 polos"", ""fixation"": ""Montaje soldado sobre soporte adecuado TBC"", ""calibration"": ""Continuidad y torque fabricante"", ""faults"": ""Bornera para PCB sin soporte"", ""test"": ""C0; no usar colgantes"", ""input"": ""J01\u2013J06; 12 polos"", ""output"": ""Seis bloques de dos polos"", ""power"": ""Pasivo / sin alimentaci\u00f3n"", ""signal"": ""J01\u2013J06; 12 polos"", ""controller"": ""Seg\u00fan interfaz; Pi para percepci\u00f3n"", ""accessibility"": ""Aislar actuadores; retirar panel de servicio MECH-65, acceder por Panel potencia y auxiliares"", ""measurement_status"": ""TBC-MEDIR"", ""modeled"": true, ""document_section"": 37, ""mechanical_parent"": ""MECH-65"", ""electrical_parent"": ""Ver wiring.json"", ""connector"": ""Ver wiring.json"", ""state"": ""STATIC"", ""assembly_group"": ""L""}"
TWIN,BOM-48,HAR-48,KF301 3 pines,4,CONSUMABLE,,,,,,"{""bom_id"": ""BOM-48"", ""number"": 48, ""name"": ""KF301 3 pines"", ""quantity"": ""4"", ""component_id"": ""HAR-48"", ""category"": ""WIRING"", ""system_id"": ""WIRING"", ""location"": ""Panel servo/HX/auxiliar"", ""function"": ""Cuatro bloques de tres polos"", ""interface"": ""J07\u2013J10; 12 polos"", ""fixation"": ""Igual soporte aislado"", ""calibration"": ""Identificar polos"", ""faults"": ""Polos insuficientes para funci\u00f3n"", ""test"": ""C0 correspondencia wire-to"", ""input"": ""J07\u2013J10; 12 polos"", ""output"": ""Cuatro bloques de tres polos"", ""power"": ""Pasivo / sin alimentaci\u00f3n"", ""signal"": ""J07\u2013J10; 12 polos"", ""controller"": ""Seg\u00fan interfaz; Pi para percepci\u00f3n"", ""accessibility"": ""Aislar actuadores; retirar panel de servicio MECH-65, acceder por Panel servo/HX/auxiliar"", ""measurement_status"": ""TBC-MEDIR"", ""modeled"": true, ""document_section"": 37}","{""bom_id"": ""BOM-48"", ""number"": 48, ""name"": ""KF301 3 pines"", ""quantity"": 1, ""component_id"": ""J10"", ""category"": ""WIRING"", ""system_id"": ""WIRING"", ""location"": ""Panel servo/HX/auxiliar"", ""function"": ""Cuatro bloques de tres polos"", ""interface"": ""J07\u2013J10; 12 polos"", ""fixation"": ""Igual soporte aislado"", ""calibration"": ""Identificar polos"", ""faults"": ""Polos insuficientes para funci\u00f3n"", ""test"": ""C0 correspondencia wire-to"", ""input"": ""J07\u2013J10; 12 polos"", ""output"": ""Cuatro bloques de tres polos"", ""power"": ""Pasivo / sin alimentaci\u00f3n"", ""signal"": ""J07\u2013J10; 12 polos"", ""controller"": ""Seg\u00fan interfaz; Pi para percepci\u00f3n"", ""accessibility"": ""Aislar actuadores; retirar panel de servicio MECH-65, acceder por Panel servo/HX/auxiliar"", ""measurement_status"": ""TBC-MEDIR"", ""modeled"": true, ""document_section"": 37, ""mechanical_parent"": ""MECH-65"", ""electrical_parent"": ""Ver wiring.json"", ""connector"": ""Ver wiring.json"", ""state"": ""STATIC"", ""assembly_group"": ""L""}"
TWIN,BOM-49,HAR-49,KF301 4 pines,4,CONSUMABLE,,,,,,"{""bom_id"": ""BOM-49"", ""number"": 49, ""name"": ""KF301 4 pines"", ""quantity"": ""4"", ""component_id"": ""HAR-49"", ""category"": ""WIRING"", ""system_id"": ""WIRING"", ""location"": ""Panel motor y sensores"", ""function"": ""Cuatro bloques de cuatro polos"", ""interface"": ""J11\u2013J14; 16 polos"", ""fixation"": ""Igual soporte aislado"", ""calibration"": ""Verificar pitch real"", ""faults"": ""Mal orden bobinas"", ""test"": ""C0/C4"", ""input"": ""J11\u2013J14; 16 polos"", ""output"": ""Cuatro bloques de cuatro polos"", ""power"": ""Pasivo / sin alimentaci\u00f3n"", ""signal"": ""J11\u2013J14; 16 polos"", ""controller"": ""Seg\u00fan interfaz; Pi para percepci\u00f3n"", ""accessibility"": ""Aislar actuadores; retirar panel de servicio MECH-65, acceder por Panel motor y sensores"", ""measurement_status"": ""TBC-MEDIR"", ""modeled"": true, ""document_section"": 37}","{""bom_id"": ""BOM-49"", ""number"": 49, ""name"": ""KF301 4 pines"", ""quantity"": 1, ""component_id"": ""J14"", ""category"": ""WIRING"", ""system_id"": ""WIRING"", ""location"": ""Panel motor y sensores"", ""function"": ""Cuatro bloques de cuatro polos"", ""interface"": ""J11\u2013J14; 16 polos"", ""fixation"": ""Igual soporte aislado"", ""calibration"": ""Verificar pitch real"", ""faults"": ""Mal orden bobinas"", ""test"": ""C0/C4"", ""input"": ""J11\u2013J14; 16 polos"", ""output"": ""Cuatro bloques de cuatro polos"", ""power"": ""Pasivo / sin alimentaci\u00f3n"", ""signal"": ""J11\u2013J14; 16 polos"", ""controller"": ""Seg\u00fan interfaz; Pi para percepci\u00f3n"", ""accessibility"": ""Aislar actuadores; retirar panel de servicio MECH-65, acceder por Panel motor y sensores"", ""measurement_status"": ""TBC-MEDIR"", ""modeled"": true, ""document_section"": 37, ""mechanical_parent"": ""MECH-65"", ""electrical_parent"": ""Ver wiring.json"", ""connector"": ""Ver wiring.json"", ""state"": ""STATIC"", ""assembly_group"": ""L""}"
TWIN,BOM-50,HAR-50,header macho 2.54 mm 40 pines,2 tiras,CONSUMABLE,,,,,,"{""bom_id"": ""BOM-50"", ""number"": 50, ""name"": ""header macho 2.54 mm 40 pines"", ""quantity"": ""2 tiras"", ""component_id"": ""HAR-50"", ""category"": ""WIRING"", ""system_id"": ""WIRING"", ""location"": ""Panel se\u00f1al/distribuci\u00f3n"", ""function"": ""80 posiciones macho disponibles"", ""interface"": ""H01/H02, 2.54 mm"", ""fixation"": ""Cortar a longitud; soldar y aislar, sin suponer hembra"", ""calibration"": ""Asignaci\u00f3n y prueba tracci\u00f3n"", ""faults"": ""Falta conector hembra desmontable"", ""test"": ""C0; soldadura directa documentada"", ""input"": ""H01/H02, 2.54 mm"", ""output"": ""80 posiciones macho disponibles"", ""power"": ""Pasivo / sin alimentaci\u00f3n"", ""signal"": ""H01/H02, 2.54 mm"", ""controller"": ""Seg\u00fan interfaz; Pi para percepci\u00f3n"", ""accessibility"": ""Aislar actuadores; retirar panel de servicio MECH-65, acceder por Panel se\u00f1al/distribuci\u00f3n"", ""measurement_status"": ""TBC-MEDIR"", ""modeled"": true, ""document_section"": 37}","{""bom_id"": ""BOM-50"", ""number"": 50, ""name"": ""header macho 2.54 mm 40 pines"", ""quantity"": 1, ""component_id"": ""HAR-50"", ""category"": ""WIRING"", ""system_id"": ""WIRING"", ""location"": ""Panel se\u00f1al/distribuci\u00f3n"", ""function"": ""80 posiciones macho disponibles"", ""interface"": ""H01/H02, 2.54 mm"", ""fixation"": ""Cortar a longitud; soldar y aislar, sin suponer hembra"", ""calibration"": ""Asignaci\u00f3n y prueba tracci\u00f3n"", ""faults"": ""Falta conector hembra desmontable"", ""test"": ""C0; soldadura directa documentada"", ""input"": ""H01/H02, 2.54 mm"", ""output"": ""80 posiciones macho disponibles"", ""power"": ""Pasivo / sin alimentaci\u00f3n"", ""signal"": ""H01/H02, 2.54 mm"", ""controller"": ""Seg\u00fan interfaz; Pi para percepci\u00f3n"", ""accessibility"": ""Aislar actuadores; retirar panel de servicio MECH-65, acceder por Panel se\u00f1al/distribuci\u00f3n"", ""measurement_status"": ""TBC-MEDIR"", ""modeled"": true, ""document_section"": 37, ""mechanical_parent"": ""MECH-65"", ""electrical_parent"": ""Ver wiring.json"", ""connector"": ""Ver wiring.json"", ""state"": ""STATIC"", ""assembly_group"": ""L""}"
TWIN,BOM-51,HAR-51,kit terminales Faston/anillo/horquilla,1 kit,CONSUMABLE,,,,,,"{""bom_id"": ""BOM-51"", ""number"": 51, ""name"": ""kit terminales Faston/anillo/horquilla"", ""quantity"": ""1 kit"", ""component_id"": ""HAR-51"", ""category"": ""WIRING"", ""system_id"": ""WIRING"", ""location"": ""Contactos paro/fusibles/tierra funcional"", ""function"": ""Terminaci\u00f3n segura"", ""interface"": ""Faston seg\u00fan ancho real; anillo/horquilla"", ""fixation"": ""Crimpado con herramienta correcta"", ""calibration"": ""Tracci\u00f3n y secci\u00f3n"", ""faults"": ""Faston suelto"", ""test"": ""C0"", ""input"": ""Faston seg\u00fan ancho real; anillo/horquilla"", ""output"": ""Terminaci\u00f3n segura"", ""power"": ""Pasivo / sin alimentaci\u00f3n"", ""signal"": ""Faston seg\u00fan ancho real; anillo/horquilla"", ""controller"": ""Seg\u00fan interfaz; Pi para percepci\u00f3n"", ""accessibility"": ""Aislar actuadores; retirar panel de servicio MECH-65, acceder por Contactos paro/fusibles/tierra funcional"", ""measurement_status"": ""TBC-MEDIR"", ""modeled"": true, ""document_section"": 37}","{""bom_id"": ""BOM-51"", ""number"": 51, ""name"": ""kit terminales Faston/anillo/horquilla"", ""quantity"": 1, ""component_id"": ""HAR-51"", ""category"": ""WIRING"", ""system_id"": ""WIRING"", ""location"": ""Contactos paro/fusibles/tierra funcional"", ""function"": ""Terminaci\u00f3n segura"", ""interface"": ""Faston seg\u00fan ancho real; anillo/horquilla"", ""fixation"": ""Crimpado con herramienta correcta"", ""calibration"": ""Tracci\u00f3n y secci\u00f3n"", ""faults"": ""Faston suelto"", ""test"": ""C0"", ""input"": ""Faston seg\u00fan ancho real; anillo/horquilla"", ""output"": ""Terminaci\u00f3n segura"", ""power"": ""Pasivo / sin alimentaci\u00f3n"", ""signal"": ""Faston seg\u00fan ancho real; anillo/horquilla"", ""controller"": ""Seg\u00fan interfaz; Pi para percepci\u00f3n"", ""accessibility"": ""Aislar actuadores; retirar panel de servicio MECH-65, acceder por Contactos paro/fusibles/tierra funcional"", ""measurement_status"": ""TBC-MEDIR"", ""modeled"": true, ""document_section"": 37, ""mechanical_parent"": ""MECH-65"", ""electrical_parent"": ""Ver wiring.json"", ""connector"": ""Ver wiring.json"", ""state"": ""STATIC"", ""assembly_group"": ""L""}"
TWIN,BOM-52,HAR-52,kit ferrules/virolas,1 kit,CONSUMABLE,,,,,,"{""bom_id"": ""BOM-52"", ""number"": 52, ""name"": ""kit ferrules/virolas"", ""quantity"": ""1 kit"", ""component_id"": ""HAR-52"", ""category"": ""WIRING"", ""system_id"": ""WIRING"", ""location"": ""Borneras de tornillo"", ""function"": ""Evitar hilos sueltos"", ""interface"": ""Virola compatible AWG18/22"", ""fixation"": ""Crimpado; no esta\u00f1ar bajo tornillo"", ""calibration"": ""Longitud pelado"", ""faults"": ""Mal crimpado"", ""test"": ""C0 tracci\u00f3n"", ""input"": ""Virola compatible AWG18/22"", ""output"": ""Evitar hilos sueltos"", ""power"": ""Pasivo / sin alimentaci\u00f3n"", ""signal"": ""Virola compatible AWG18/22"", ""controller"": ""Seg\u00fan interfaz; Pi para percepci\u00f3n"", ""accessibility"": ""Aislar actuadores; retirar panel de servicio MECH-65, acceder por Borneras de tornillo"", ""measurement_status"": ""TBC-MEDIR"", ""modeled"": true, ""document_section"": 37}","{""bom_id"": ""BOM-52"", ""number"": 52, ""name"": ""kit ferrules/virolas"", ""quantity"": 1, ""component_id"": ""HAR-52"", ""category"": ""WIRING"", ""system_id"": ""WIRING"", ""location"": ""Borneras de tornillo"", ""function"": ""Evitar hilos sueltos"", ""interface"": ""Virola compatible AWG18/22"", ""fixation"": ""Crimpado; no esta\u00f1ar bajo tornillo"", ""calibration"": ""Longitud pelado"", ""faults"": ""Mal crimpado"", ""test"": ""C0 tracci\u00f3n"", ""input"": ""Virola compatible AWG18/22"", ""output"": ""Evitar hilos sueltos"", ""power"": ""Pasivo / sin alimentaci\u00f3n"", ""signal"": ""Virola compatible AWG18/22"", ""controller"": ""Seg\u00fan interfaz; Pi para percepci\u00f3n"", ""accessibility"": ""Aislar actuadores; retirar panel de servicio MECH-65, acceder por Borneras de tornillo"", ""measurement_status"": ""TBC-MEDIR"", ""modeled"": true, ""document_section"": 37, ""mechanical_parent"": ""MECH-65"", ""electrical_parent"": ""Ver wiring.json"", ""connector"": ""Ver wiring.json"", ""state"": ""STATIC"", ""assembly_group"": ""L""}"
TWIN,BOM-53,HAR-53,cable 18 AWG rojo,≈5 m,CONSUMABLE,,,,,,"{""bom_id"": ""BOM-53"", ""number"": 53, ""name"": ""cable 18 AWG rojo"", ""quantity"": ""\u22485 m"", ""component_id"": ""HAR-53"", ""category"": ""WIRING"", ""system_id"": ""WIRING"", ""location"": ""Canal potencia"", ""function"": ""Positivos 12/6 V"", ""interface"": ""18 AWG rojo con etiqueta tensi\u00f3n"", ""fixation"": ""Cincho flojo + pasacables"", ""calibration"": ""Longitud real; ca\u00edda V"", ""faults"": ""Roce"", ""test"": ""C0 ca\u00edda bajo carga"", ""input"": ""18 AWG rojo con etiqueta tensi\u00f3n"", ""output"": ""Positivos 12/6 V"", ""power"": ""Pasivo / sin alimentaci\u00f3n"", ""signal"": ""18 AWG rojo con etiqueta tensi\u00f3n"", ""controller"": ""Seg\u00fan interfaz; Pi para percepci\u00f3n"", ""accessibility"": ""Aislar actuadores; retirar panel de servicio MECH-65, acceder por Canal potencia"", ""measurement_status"": ""TBC-MEDIR"", ""modeled"": true, ""document_section"": 37}","{""bom_id"": ""BOM-53"", ""number"": 53, ""name"": ""cable 18 AWG rojo"", ""quantity"": 1, ""component_id"": ""HAR-53"", ""category"": ""WIRING"", ""system_id"": ""WIRING"", ""location"": ""Canal potencia"", ""function"": ""Positivos 12/6 V"", ""interface"": ""18 AWG rojo con etiqueta tensi\u00f3n"", ""fixation"": ""Cincho flojo + pasacables"", ""calibration"": ""Longitud real; ca\u00edda V"", ""faults"": ""Roce"", ""test"": ""C0 ca\u00edda bajo carga"", ""input"": ""18 AWG rojo con etiqueta tensi\u00f3n"", ""output"": ""Positivos 12/6 V"", ""power"": ""Pasivo / sin alimentaci\u00f3n"", ""signal"": ""18 AWG rojo con etiqueta tensi\u00f3n"", ""controller"": ""Seg\u00fan interfaz; Pi para percepci\u00f3n"", ""accessibility"": ""Aislar actuadores; retirar panel de servicio MECH-65, acceder por Canal potencia"", ""measurement_status"": ""TBC-MEDIR"", ""modeled"": true, ""document_section"": 37, ""mechanical_parent"": ""MECH-65"", ""electrical_parent"": ""Ver wiring.json"", ""connector"": ""Ver wiring.json"", ""state"": ""STATIC"", ""assembly_group"": ""L""}"
TWIN,BOM-54,HAR-54,cable 18 AWG negro,≈5 m,CONSUMABLE,,,,,,"{""bom_id"": ""BOM-54"", ""number"": 54, ""name"": ""cable 18 AWG negro"", ""quantity"": ""\u22485 m"", ""component_id"": ""HAR-54"", ""category"": ""WIRING"", ""system_id"": ""WIRING"", ""location"": ""Canal potencia"", ""function"": ""Retorno de alta corriente"", ""interface"": ""18 AWG negro"", ""fixation"": ""Retorno estrella a ELEC-31 negativo"", ""calibration"": ""Continuidad y ca\u00edda"", ""faults"": ""Corriente servo atraviesa Pico"", ""test"": ""C0/C7"", ""input"": ""18 AWG negro"", ""output"": ""Retorno de alta corriente"", ""power"": ""Pasivo / sin alimentaci\u00f3n"", ""signal"": ""18 AWG negro"", ""controller"": ""Seg\u00fan interfaz; Pi para percepci\u00f3n"", ""accessibility"": ""Aislar actuadores; retirar panel de servicio MECH-65, acceder por Canal potencia"", ""measurement_status"": ""TBC-MEDIR"", ""modeled"": true, ""document_section"": 37}","{""bom_id"": ""BOM-54"", ""number"": 54, ""name"": ""cable 18 AWG negro"", ""quantity"": 1, ""component_id"": ""HAR-54"", ""category"": ""WIRING"", ""system_id"": ""WIRING"", ""location"": ""Canal potencia"", ""function"": ""Retorno de alta corriente"", ""interface"": ""18 AWG negro"", ""fixation"": ""Retorno estrella a ELEC-31 negativo"", ""calibration"": ""Continuidad y ca\u00edda"", ""faults"": ""Corriente servo atraviesa Pico"", ""test"": ""C0/C7"", ""input"": ""18 AWG negro"", ""output"": ""Retorno de alta corriente"", ""power"": ""Pasivo / sin alimentaci\u00f3n"", ""signal"": ""18 AWG negro"", ""controller"": ""Seg\u00fan interfaz; Pi para percepci\u00f3n"", ""accessibility"": ""Aislar actuadores; retirar panel de servicio MECH-65, acceder por Canal potencia"", ""measurement_status"": ""TBC-MEDIR"", ""modeled"": true, ""document_section"": 37, ""mechanical_parent"": ""MECH-65"", ""electrical_parent"": ""Ver wiring.json"", ""connector"": ""Ver wiring.json"", ""state"": ""STATIC"", ""assembly_group"": ""L""}"
TWIN,BOM-55,HAR-55,cable 22 AWG rojo,≈5 m,CONSUMABLE,,,,,,"{""bom_id"": ""BOM-55"", ""number"": 55, ""name"": ""cable 22 AWG rojo"", ""quantity"": ""\u22485 m"", ""component_id"": ""HAR-55"", ""category"": ""WIRING"", ""system_id"": ""WIRING"", ""location"": ""Canal se\u00f1al"", ""function"": ""Alimentaci\u00f3n sensores/auxiliar etiquetada"", ""interface"": ""22 AWG rojo"", ""fixation"": ""Bucle libre en bandeja"", ""calibration"": ""Presupuesto de corriente"", ""faults"": ""Confusi\u00f3n 3.3/12 V"", ""test"": ""C0 polaridad"", ""input"": ""22 AWG rojo"", ""output"": ""Alimentaci\u00f3n sensores/auxiliar etiquetada"", ""power"": ""Pasivo / sin alimentaci\u00f3n"", ""signal"": ""22 AWG rojo"", ""controller"": ""Seg\u00fan interfaz; Pi para percepci\u00f3n"", ""accessibility"": ""Aislar actuadores; retirar panel de servicio MECH-65, acceder por Canal se\u00f1al"", ""measurement_status"": ""TBC-MEDIR"", ""modeled"": true, ""document_section"": 37}","{""bom_id"": ""BOM-55"", ""number"": 55, ""name"": ""cable 22 AWG rojo"", ""quantity"": 1, ""component_id"": ""HAR-55"", ""category"": ""WIRING"", ""system_id"": ""WIRING"", ""location"": ""Canal se\u00f1al"", ""function"": ""Alimentaci\u00f3n sensores/auxiliar etiquetada"", ""interface"": ""22 AWG rojo"", ""fixation"": ""Bucle libre en bandeja"", ""calibration"": ""Presupuesto de corriente"", ""faults"": ""Confusi\u00f3n 3.3/12 V"", ""test"": ""C0 polaridad"", ""input"": ""22 AWG rojo"", ""output"": ""Alimentaci\u00f3n sensores/auxiliar etiquetada"", ""power"": ""Pasivo / sin alimentaci\u00f3n"", ""signal"": ""22 AWG rojo"", ""controller"": ""Seg\u00fan interfaz; Pi para percepci\u00f3n"", ""accessibility"": ""Aislar actuadores; retirar panel de servicio MECH-65, acceder por Canal se\u00f1al"", ""measurement_status"": ""TBC-MEDIR"", ""modeled"": true, ""document_section"": 37, ""mechanical_parent"": ""MECH-65"", ""electrical_parent"": ""Ver wiring.json"", ""connector"": ""Ver wiring.json"", ""state"": ""STATIC"", ""assembly_group"": ""L""}"
TWIN,BOM-56,HAR-56,cable 22 AWG negro,≈5 m,CONSUMABLE,,,,,,"{""bom_id"": ""BOM-56"", ""number"": 56, ""name"": ""cable 22 AWG negro"", ""quantity"": ""\u22485 m"", ""component_id"": ""HAR-56"", ""category"": ""WIRING"", ""system_id"": ""WIRING"", ""location"": ""Canal se\u00f1al"", ""function"": ""Retorno sensores"", ""interface"": ""22 AWG negro"", ""fixation"": ""Pareado a se\u00f1al, estrella se\u00f1al"", ""calibration"": ""Continuidad"", ""faults"": ""Bucle de tierra"", ""test"": ""C0/P12"", ""input"": ""22 AWG negro"", ""output"": ""Retorno sensores"", ""power"": ""Pasivo / sin alimentaci\u00f3n"", ""signal"": ""22 AWG negro"", ""controller"": ""Seg\u00fan interfaz; Pi para percepci\u00f3n"", ""accessibility"": ""Aislar actuadores; retirar panel de servicio MECH-65, acceder por Canal se\u00f1al"", ""measurement_status"": ""TBC-MEDIR"", ""modeled"": true, ""document_section"": 37}","{""bom_id"": ""BOM-56"", ""number"": 56, ""name"": ""cable 22 AWG negro"", ""quantity"": 1, ""component_id"": ""HAR-56"", ""category"": ""WIRING"", ""system_id"": ""WIRING"", ""location"": ""Canal se\u00f1al"", ""function"": ""Retorno sensores"", ""interface"": ""22 AWG negro"", ""fixation"": ""Pareado a se\u00f1al, estrella se\u00f1al"", ""calibration"": ""Continuidad"", ""faults"": ""Bucle de tierra"", ""test"": ""C0/P12"", ""input"": ""22 AWG negro"", ""output"": ""Retorno sensores"", ""power"": ""Pasivo / sin alimentaci\u00f3n"", ""signal"": ""22 AWG negro"", ""controller"": ""Seg\u00fan interfaz; Pi para percepci\u00f3n"", ""accessibility"": ""Aislar actuadores; retirar panel de servicio MECH-65, acceder por Canal se\u00f1al"", ""measurement_status"": ""TBC-MEDIR"", ""modeled"": true, ""document_section"": 37, ""mechanical_parent"": ""MECH-65"", ""electrical_parent"": ""Ver wiring.json"", ""connector"": ""Ver wiring.json"", ""state"": ""STATIC"", ""assembly_group"": ""L""}"
TWIN,BOM-57,HAR-57,cable 22 AWG amarillo,≈5 m,CONSUMABLE,,,,,,"{""bom_id"": ""BOM-57"", ""number"": 57, ""name"": ""cable 22 AWG amarillo"", ""quantity"": ""\u22485 m"", ""component_id"": ""HAR-57"", ""category"": ""WIRING"", ""system_id"": ""WIRING"", ""location"": ""Canal se\u00f1al"", ""function"": ""Datos y se\u00f1ales pares"", ""interface"": ""22 AWG amarillo"", ""fixation"": ""Alejado bobinas"", ""calibration"": ""Etiquetas ambos extremos"", ""faults"": ""EMI"", ""test"": ""P04/P10"", ""input"": ""22 AWG amarillo"", ""output"": ""Datos y se\u00f1ales pares"", ""power"": ""Pasivo / sin alimentaci\u00f3n"", ""signal"": ""22 AWG amarillo"", ""controller"": ""Seg\u00fan interfaz; Pi para percepci\u00f3n"", ""accessibility"": ""Aislar actuadores; retirar panel de servicio MECH-65, acceder por Canal se\u00f1al"", ""measurement_status"": ""TBC-MEDIR"", ""modeled"": true, ""document_section"": 37}","{""bom_id"": ""BOM-57"", ""number"": 57, ""name"": ""cable 22 AWG amarillo"", ""quantity"": 1, ""component_id"": ""HAR-57"", ""category"": ""WIRING"", ""system_id"": ""WIRING"", ""location"": ""Canal se\u00f1al"", ""function"": ""Datos y se\u00f1ales pares"", ""interface"": ""22 AWG amarillo"", ""fixation"": ""Alejado bobinas"", ""calibration"": ""Etiquetas ambos extremos"", ""faults"": ""EMI"", ""test"": ""P04/P10"", ""input"": ""22 AWG amarillo"", ""output"": ""Datos y se\u00f1ales pares"", ""power"": ""Pasivo / sin alimentaci\u00f3n"", ""signal"": ""22 AWG amarillo"", ""controller"": ""Seg\u00fan interfaz; Pi para percepci\u00f3n"", ""accessibility"": ""Aislar actuadores; retirar panel de servicio MECH-65, acceder por Canal se\u00f1al"", ""measurement_status"": ""TBC-MEDIR"", ""modeled"": true, ""document_section"": 37, ""mechanical_parent"": ""MECH-65"", ""electrical_parent"": ""Ver wiring.json"", ""connector"": ""Ver wiring.json"", ""state"": ""STATIC"", ""assembly_group"": ""L""}"
TWIN,BOM-58,HAR-58,cable 22 AWG azul,≈5 m,CONSUMABLE,,,,,,"{""bom_id"": ""BOM-58"", ""number"": 58, ""name"": ""cable 22 AWG azul"", ""quantity"": ""\u22485 m"", ""component_id"": ""HAR-58"", ""category"": ""WIRING"", ""system_id"": ""WIRING"", ""location"": ""Canal se\u00f1al"", ""function"": ""Datos y se\u00f1ales complementarias"", ""interface"": ""22 AWG azul"", ""fixation"": ""Alejado potencia"", ""calibration"": ""Etiquetas ambos extremos"", ""faults"": ""SDA/SCL cruzados"", ""test"": ""C2 I2C"", ""input"": ""22 AWG azul"", ""output"": ""Datos y se\u00f1ales complementarias"", ""power"": ""Pasivo / sin alimentaci\u00f3n"", ""signal"": ""22 AWG azul"", ""controller"": ""Seg\u00fan interfaz; Pi para percepci\u00f3n"", ""accessibility"": ""Aislar actuadores; retirar panel de servicio MECH-65, acceder por Canal se\u00f1al"", ""measurement_status"": ""TBC-MEDIR"", ""modeled"": true, ""document_section"": 37}","{""bom_id"": ""BOM-58"", ""number"": 58, ""name"": ""cable 22 AWG azul"", ""quantity"": 1, ""component_id"": ""HAR-58"", ""category"": ""WIRING"", ""system_id"": ""WIRING"", ""location"": ""Canal se\u00f1al"", ""function"": ""Datos y se\u00f1ales complementarias"", ""interface"": ""22 AWG azul"", ""fixation"": ""Alejado potencia"", ""calibration"": ""Etiquetas ambos extremos"", ""faults"": ""SDA/SCL cruzados"", ""test"": ""C2 I2C"", ""input"": ""22 AWG azul"", ""output"": ""Datos y se\u00f1ales complementarias"", ""power"": ""Pasivo / sin alimentaci\u00f3n"", ""signal"": ""22 AWG azul"", ""controller"": ""Seg\u00fan interfaz; Pi para percepci\u00f3n"", ""accessibility"": ""Aislar actuadores; retirar panel de servicio MECH-65, acceder por Canal se\u00f1al"", ""measurement_status"": ""TBC-MEDIR"", ""modeled"": true, ""document_section"": 37, ""mechanical_parent"": ""MECH-65"", ""electrical_parent"": ""Ver wiring.json"", ""connector"": ""Ver wiring.json"", ""state"": ""STATIC"", ""assembly_group"": ""L""}"
TWIN,BOM-59,HAR-59,termorretráctil surtido,1 kit,CONSUMABLE,,,,,,"{""bom_id"": ""BOM-59"", ""number"": 59, ""name"": ""termorretr\u00e1ctil surtido"", ""quantity"": ""1 kit"", ""component_id"": ""HAR-59"", ""category"": ""WIRING"", ""system_id"": ""WIRING"", ""location"": ""Uniones soldadas y crimpados"", ""function"": ""Aislamiento y alivio local"", ""interface"": ""Pasivo"", ""fixation"": ""Contraer sin da\u00f1ar sensores"", ""calibration"": ""Di\u00e1metro/retracci\u00f3n"", ""faults"": ""Punta de cobre expuesta"", ""test"": ""C0 visual"", ""input"": ""Pasivo"", ""output"": ""Aislamiento y alivio local"", ""power"": ""Pasivo / sin alimentaci\u00f3n"", ""signal"": ""Pasivo"", ""controller"": ""Seg\u00fan interfaz; Pi para percepci\u00f3n"", ""accessibility"": ""Aislar actuadores; retirar panel de servicio MECH-65, acceder por Uniones soldadas y crimpados"", ""measurement_status"": ""TBC-MEDIR"", ""modeled"": true, ""document_section"": 37}","{""bom_id"": ""BOM-59"", ""number"": 59, ""name"": ""termorretr\u00e1ctil surtido"", ""quantity"": 1, ""component_id"": ""HAR-59"", ""category"": ""WIRING"", ""system_id"": ""WIRING"", ""location"": ""Uniones soldadas y crimpados"", ""function"": ""Aislamiento y alivio local"", ""interface"": ""Pasivo"", ""fixation"": ""Contraer sin da\u00f1ar sensores"", ""calibration"": ""Di\u00e1metro/retracci\u00f3n"", ""faults"": ""Punta de cobre expuesta"", ""test"": ""C0 visual"", ""input"": ""Pasivo"", ""output"": ""Aislamiento y alivio local"", ""power"": ""Pasivo / sin alimentaci\u00f3n"", ""signal"": ""Pasivo"", ""controller"": ""Seg\u00fan interfaz; Pi para percepci\u00f3n"", ""accessibility"": ""Aislar actuadores; retirar panel de servicio MECH-65, acceder por Uniones soldadas y crimpados"", ""measurement_status"": ""TBC-MEDIR"", ""modeled"": true, ""document_section"": 37, ""mechanical_parent"": ""MECH-65"", ""electrical_parent"": ""Ver wiring.json"", ""connector"": ""Ver wiring.json"", ""state"": ""STATIC"", ""assembly_group"": ""L""}"
TWIN,BOM-60,HAR-60,cinchos,1 bolsa,CONSUMABLE,,,,,,"{""bom_id"": ""BOM-60"", ""number"": 60, ""name"": ""cinchos"", ""quantity"": ""1 bolsa"", ""component_id"": ""HAR-60"", ""category"": ""WIRING"", ""system_id"": ""WIRING"", ""location"": ""Rutas de arn\u00e9s"", ""function"": ""Sujetar sin estrangular"", ""interface"": ""Pasivo"", ""fixation"": ""Holgura en CSI y celda"", ""calibration"": ""Radio/bucle"", ""faults"": ""Cable tenso falsea tara"", ""test"": ""C0/P12"", ""input"": ""Pasivo"", ""output"": ""Sujetar sin estrangular"", ""power"": ""Pasivo / sin alimentaci\u00f3n"", ""signal"": ""Pasivo"", ""controller"": ""Seg\u00fan interfaz; Pi para percepci\u00f3n"", ""accessibility"": ""Aislar actuadores; retirar panel de servicio MECH-65, acceder por Rutas de arn\u00e9s"", ""measurement_status"": ""TBC-MEDIR"", ""modeled"": true, ""document_section"": 37}","{""bom_id"": ""BOM-60"", ""number"": 60, ""name"": ""cinchos"", ""quantity"": 1, ""component_id"": ""HAR-60"", ""category"": ""WIRING"", ""system_id"": ""WIRING"", ""location"": ""Rutas de arn\u00e9s"", ""function"": ""Sujetar sin estrangular"", ""interface"": ""Pasivo"", ""fixation"": ""Holgura en CSI y celda"", ""calibration"": ""Radio/bucle"", ""faults"": ""Cable tenso falsea tara"", ""test"": ""C0/P12"", ""input"": ""Pasivo"", ""output"": ""Sujetar sin estrangular"", ""power"": ""Pasivo / sin alimentaci\u00f3n"", ""signal"": ""Pasivo"", ""controller"": ""Seg\u00fan interfaz; Pi para percepci\u00f3n"", ""accessibility"": ""Aislar actuadores; retirar panel de servicio MECH-65, acceder por Rutas de arn\u00e9s"", ""measurement_status"": ""TBC-MEDIR"", ""modeled"": true, ""document_section"": 37, ""mechanical_parent"": ""MECH-65"", ""electrical_parent"": ""Ver wiring.json"", ""connector"": ""Ver wiring.json"", ""state"": ""STATIC"", ""assembly_group"": ""L""}"
TWIN,BOM-61,HAR-61,bases adhesivas cinchos,1 bolsa,CONSUMABLE,,,,,,"{""bom_id"": ""BOM-61"", ""number"": 61, ""name"": ""bases adhesivas cinchos"", ""quantity"": ""1 bolsa"", ""component_id"": ""HAR-61"", ""category"": ""WIRING"", ""system_id"": ""WIRING"", ""location"": ""Panel fijo"", ""function"": ""Anclar cinchos"", ""interface"": ""Pasivo"", ""fixation"": ""Superficie limpia; respaldo mec\u00e1nico si cae adhesivo"", ""calibration"": ""Adherencia"", ""faults"": ""Desprendimiento sobre rotor"", ""test"": ""Audit G"", ""input"": ""Pasivo"", ""output"": ""Anclar cinchos"", ""power"": ""Pasivo / sin alimentaci\u00f3n"", ""signal"": ""Pasivo"", ""controller"": ""Seg\u00fan interfaz; Pi para percepci\u00f3n"", ""accessibility"": ""Aislar actuadores; retirar panel de servicio MECH-65, acceder por Panel fijo"", ""measurement_status"": ""TBC-MEDIR"", ""modeled"": true, ""document_section"": 37}","{""bom_id"": ""BOM-61"", ""number"": 61, ""name"": ""bases adhesivas cinchos"", ""quantity"": 1, ""component_id"": ""HAR-61"", ""category"": ""WIRING"", ""system_id"": ""WIRING"", ""location"": ""Panel fijo"", ""function"": ""Anclar cinchos"", ""interface"": ""Pasivo"", ""fixation"": ""Superficie limpia; respaldo mec\u00e1nico si cae adhesivo"", ""calibration"": ""Adherencia"", ""faults"": ""Desprendimiento sobre rotor"", ""test"": ""Audit G"", ""input"": ""Pasivo"", ""output"": ""Anclar cinchos"", ""power"": ""Pasivo / sin alimentaci\u00f3n"", ""signal"": ""Pasivo"", ""controller"": ""Seg\u00fan interfaz; Pi para percepci\u00f3n"", ""accessibility"": ""Aislar actuadores; retirar panel de servicio MECH-65, acceder por Panel fijo"", ""measurement_status"": ""TBC-MEDIR"", ""modeled"": true, ""document_section"": 37, ""mechanical_parent"": ""MECH-65"", ""electrical_parent"": ""Ver wiring.json"", ""connector"": ""Ver wiring.json"", ""state"": ""STATIC"", ""assembly_group"": ""L""}"
TWIN,BOM-62,HAR-62,PG7/PG9,≈10,CONSUMABLE,,,,,,"{""bom_id"": ""BOM-62"", ""number"": 62, ""name"": ""PG7/PG9"", ""quantity"": ""\u224810"", ""component_id"": ""HAR-62"", ""category"": ""WIRING"", ""system_id"": ""WIRING"", ""location"": ""Entradas/salidas de panel"", ""function"": ""Alivio de tensi\u00f3n y borde"", ""interface"": ""Di\u00e1metro cable PG7/PG9 real"", ""fixation"": ""Tuerca/prensado correcto"", ""calibration"": ""Di\u00e1metro de taladro del fabricante"", ""faults"": ""Cable cortado o sin retenci\u00f3n"", ""test"": ""C0 tracci\u00f3n"", ""input"": ""Di\u00e1metro cable PG7/PG9 real"", ""output"": ""Alivio de tensi\u00f3n y borde"", ""power"": ""Pasivo / sin alimentaci\u00f3n"", ""signal"": ""Di\u00e1metro cable PG7/PG9 real"", ""controller"": ""Seg\u00fan interfaz; Pi para percepci\u00f3n"", ""accessibility"": ""Aislar actuadores; retirar panel de servicio MECH-65, acceder por Entradas/salidas de panel"", ""measurement_status"": ""TBC-MEDIR"", ""modeled"": true, ""document_section"": 37}","{""bom_id"": ""BOM-62"", ""number"": 62, ""name"": ""PG7/PG9"", ""quantity"": 1, ""component_id"": ""HAR-62"", ""category"": ""WIRING"", ""system_id"": ""WIRING"", ""location"": ""Entradas/salidas de panel"", ""function"": ""Alivio de tensi\u00f3n y borde"", ""interface"": ""Di\u00e1metro cable PG7/PG9 real"", ""fixation"": ""Tuerca/prensado correcto"", ""calibration"": ""Di\u00e1metro de taladro del fabricante"", ""faults"": ""Cable cortado o sin retenci\u00f3n"", ""test"": ""C0 tracci\u00f3n"", ""input"": ""Di\u00e1metro cable PG7/PG9 real"", ""output"": ""Alivio de tensi\u00f3n y borde"", ""power"": ""Pasivo / sin alimentaci\u00f3n"", ""signal"": ""Di\u00e1metro cable PG7/PG9 real"", ""controller"": ""Seg\u00fan interfaz; Pi para percepci\u00f3n"", ""accessibility"": ""Aislar actuadores; retirar panel de servicio MECH-65, acceder por Entradas/salidas de panel"", ""measurement_status"": ""TBC-MEDIR"", ""modeled"": true, ""document_section"": 37, ""mechanical_parent"": ""MECH-65"", ""electrical_parent"": ""Ver wiring.json"", ""connector"": ""Ver wiring.json"", ""state"": ""STATIC"", ""assembly_group"": ""L""}"
TWIN,BOM-63,HAR-63,cinta aislante,1,CONSUMABLE,,,,,,"{""bom_id"": ""BOM-63"", ""number"": 63, ""name"": ""cinta aislante"", ""quantity"": ""1"", ""component_id"": ""HAR-63"", ""category"": ""WIRING"", ""system_id"": ""WIRING"", ""location"": ""Reserva/identificaci\u00f3n provisional"", ""function"": ""Aislamiento secundario"", ""interface"": ""Pasivo"", ""fixation"": ""Nunca \u00fanico alivio ni uni\u00f3n el\u00e9ctrica"", ""calibration"": ""Inspecci\u00f3n envejecimiento"", ""faults"": ""Despegue"", ""test"": ""C0"", ""input"": ""Pasivo"", ""output"": ""Aislamiento secundario"", ""power"": ""Pasivo / sin alimentaci\u00f3n"", ""signal"": ""Pasivo"", ""controller"": ""Seg\u00fan interfaz; Pi para percepci\u00f3n"", ""accessibility"": ""Aislar actuadores; retirar panel de servicio MECH-65, acceder por Reserva/identificaci\u00f3n provisional"", ""measurement_status"": ""TBC-MEDIR"", ""modeled"": true, ""document_section"": 37}","{""bom_id"": ""BOM-63"", ""number"": 63, ""name"": ""cinta aislante"", ""quantity"": 1, ""component_id"": ""HAR-63"", ""category"": ""WIRING"", ""system_id"": ""WIRING"", ""location"": ""Reserva/identificaci\u00f3n provisional"", ""function"": ""Aislamiento secundario"", ""interface"": ""Pasivo"", ""fixation"": ""Nunca \u00fanico alivio ni uni\u00f3n el\u00e9ctrica"", ""calibration"": ""Inspecci\u00f3n envejecimiento"", ""faults"": ""Despegue"", ""test"": ""C0"", ""input"": ""Pasivo"", ""output"": ""Aislamiento secundario"", ""power"": ""Pasivo / sin alimentaci\u00f3n"", ""signal"": ""Pasivo"", ""controller"": ""Seg\u00fan interfaz; Pi para percepci\u00f3n"", ""accessibility"": ""Aislar actuadores; retirar panel de servicio MECH-65, acceder por Reserva/identificaci\u00f3n provisional"", ""measurement_status"": ""TBC-MEDIR"", ""modeled"": true, ""document_section"": 37, ""mechanical_parent"": ""MECH-65"", ""electrical_parent"": ""Ver wiring.json"", ""connector"": ""Ver wiring.json"", ""state"": ""STATIC"", ""assembly_group"": ""L""}"
TWIN,BOM-64,BIN-64,recipientes 5–8 L,4,MECHANICAL,,,,,,"{""bom_id"": ""BOM-64"", ""number"": 64, ""name"": ""recipientes 5\u20138 L"", ""quantity"": ""4"", ""component_id"": ""BIN-64"", ""category"": ""MECHANICAL"", ""system_id"": ""MECHANICAL"", ""location"": ""Nivel D 2\u00d72"", ""function"": ""Recibir materiales separados"", ""interface"": ""BIN0 PET; BIN1 papel; BIN2 metal; BIN3 general"", ""fixation"": ""Apoyos indexados en bastidor; extra\u00edbles"", ""calibration"": ""Bocas/altura/asas/extracci\u00f3n"", ""faults"": ""Ausente o mal asentado"", ""test"": ""P13 inspecci\u00f3n manual"", ""input"": ""BIN0 PET; BIN1 papel; BIN2 metal; BIN3 general"", ""output"": ""Recibir materiales separados"", ""power"": ""Pasivo / sin alimentaci\u00f3n"", ""signal"": ""BIN0 PET; BIN1 papel; BIN2 metal; BIN3 general"", ""controller"": ""Seg\u00fan interfaz; Pi para percepci\u00f3n"", ""accessibility"": ""Aislar actuadores; retirar panel de servicio MECH-65, acceder por Nivel D 2\u00d72"", ""measurement_status"": ""TBC-MEDIR"", ""modeled"": true, ""document_section"": 37}","{""bom_id"": ""BOM-64"", ""number"": 64, ""name"": ""recipientes 5\u20138 L"", ""quantity"": 1, ""component_id"": ""BIN-03"", ""category"": ""MECHANICAL"", ""system_id"": ""MECHANICAL"", ""location"": ""Nivel D 2\u00d72"", ""function"": ""Recibir materiales separados"", ""interface"": ""BIN0 PET; BIN1 papel; BIN2 metal; BIN3 general"", ""fixation"": ""Apoyos indexados en bastidor; extra\u00edbles"", ""calibration"": ""Bocas/altura/asas/extracci\u00f3n"", ""faults"": ""Ausente o mal asentado"", ""test"": ""P13 inspecci\u00f3n manual"", ""input"": ""BIN0 PET; BIN1 papel; BIN2 metal; BIN3 general"", ""output"": ""Recibir materiales separados"", ""power"": ""Pasivo / sin alimentaci\u00f3n"", ""signal"": ""BIN0 PET; BIN1 papel; BIN2 metal; BIN3 general"", ""controller"": ""Seg\u00fan interfaz; Pi para percepci\u00f3n"", ""accessibility"": ""Aislar actuadores; retirar panel de servicio MECH-65, acceder por Nivel D 2\u00d72"", ""measurement_status"": ""TBC-MEDIR"", ""modeled"": true, ""document_section"": 37, ""mechanical_parent"": ""MECH-65"", ""electrical_parent"": ""Ver wiring.json"", ""connector"": ""Ver wiring.json"", ""state"": ""STATIC"", ""assembly_group"": ""L""}"
TWIN,BOM-65,MECH-65,bastidor/paneles funcionales,1 conjunto,MECHANICAL,,,,,,"{""bom_id"": ""BOM-65"", ""number"": 65, ""name"": ""bastidor/paneles funcionales"", ""quantity"": ""1 conjunto"", ""component_id"": ""MECH-65"", ""category"": ""MECHANICAL"", ""system_id"": ""MECHANICAL"", ""location"": ""Envolvente cuatro niveles"", ""function"": ""Estructura, paneles, tapa, puerta y soporte el\u00e9ctrico"", ""interface"": ""Mec\u00e1nica; sin pantalla agregada"", ""fixation"": ""M4/M5, paneles desmontables"", ""calibration"": ""Cotas recipientes/CG/puertas"", ""faults"": ""Vuelco o interferencia"", ""test"": ""Audit A\u2013O"", ""input"": ""Mec\u00e1nica; sin pantalla agregada"", ""output"": ""Estructura, paneles, tapa, puerta y soporte el\u00e9ctrico"", ""power"": ""Pasivo / sin alimentaci\u00f3n"", ""signal"": ""Mec\u00e1nica; sin pantalla agregada"", ""controller"": ""Seg\u00fan interfaz; Pi para percepci\u00f3n"", ""accessibility"": ""Aislar actuadores; retirar panel de servicio MECH-65, acceder por Envolvente cuatro niveles"", ""measurement_status"": ""TBC-MEDIR"", ""modeled"": true, ""document_section"": 37}","{""bom_id"": ""BOM-65"", ""number"": 65, ""name"": ""bastidor/paneles funcionales"", ""quantity"": 1, ""component_id"": ""MECH-RIGHT"", ""category"": ""MECHANICAL"", ""system_id"": ""MECHANICAL"", ""location"": ""Envolvente cuatro niveles"", ""function"": ""Estructura, paneles, tapa, puerta y soporte el\u00e9ctrico"", ""interface"": ""Mec\u00e1nica; sin pantalla agregada"", ""fixation"": ""M4/M5, paneles desmontables"", ""calibration"": ""Cotas recipientes/CG/puertas"", ""faults"": ""Vuelco o interferencia"", ""test"": ""Audit A\u2013O"", ""input"": ""Mec\u00e1nica; sin pantalla agregada"", ""output"": ""Estructura, paneles, tapa, puerta y soporte el\u00e9ctrico"", ""power"": ""Pasivo / sin alimentaci\u00f3n"", ""signal"": ""Mec\u00e1nica; sin pantalla agregada"", ""controller"": ""Seg\u00fan interfaz; Pi para percepci\u00f3n"", ""accessibility"": ""Aislar actuadores; retirar panel de servicio MECH-65, acceder por Envolvente cuatro niveles"", ""measurement_status"": ""TBC-MEDIR"", ""modeled"": true, ""document_section"": 37, ""mechanical_parent"": ""MECH-65"", ""electrical_parent"": ""Ver wiring.json"", ""connector"": ""Ver wiring.json"", ""state"": ""STATIC"", ""assembly_group"": ""L""}"
TWIN,BOM-66,MECH-66,bandeja ≈200×200 mm,1,MECHANICAL,,,,,,"{""bom_id"": ""BOM-66"", ""number"": 66, ""name"": ""bandeja \u2248200\u00d7200 mm"", ""quantity"": ""1"", ""component_id"": ""MECH-66"", ""category"": ""MECHANICAL"", ""system_id"": ""MECHANICAL"", ""location"": ""Nivel A"", ""function"": ""Retener y pesar objeto"", ""interface"": ""Celda\u2192soporte\u2192bandeja/hoja"", ""fixation"": ""Conjunto pesado completo sobre extremo libre"", ""calibration"": ""200\u00d7200 referencia; apertura libre"", ""faults"": ""Puente de carga a bastidor"", ""test"": ""P12/P11"", ""input"": ""Celda\u2192soporte\u2192bandeja/hoja"", ""output"": ""Retener y pesar objeto"", ""power"": ""Pasivo / sin alimentaci\u00f3n"", ""signal"": ""Celda\u2192soporte\u2192bandeja/hoja"", ""controller"": ""Seg\u00fan interfaz; Pi para percepci\u00f3n"", ""accessibility"": ""Aislar actuadores; retirar panel de servicio MECH-65, acceder por Nivel A"", ""measurement_status"": ""TBC-MEDIR"", ""modeled"": true, ""document_section"": 37}","{""bom_id"": ""BOM-66"", ""number"": 66, ""name"": ""bandeja \u2248200\u00d7200 mm"", ""quantity"": 1, ""component_id"": ""MECH-66"", ""category"": ""MECHANICAL"", ""system_id"": ""MECHANICAL"", ""location"": ""Nivel A"", ""function"": ""Retener y pesar objeto"", ""interface"": ""Celda\u2192soporte\u2192bandeja/hoja"", ""fixation"": ""Conjunto pesado completo sobre extremo libre"", ""calibration"": ""200\u00d7200 referencia; apertura libre"", ""faults"": ""Puente de carga a bastidor"", ""test"": ""P12/P11"", ""input"": ""Celda\u2192soporte\u2192bandeja/hoja"", ""output"": ""Retener y pesar objeto"", ""power"": ""Pasivo / sin alimentaci\u00f3n"", ""signal"": ""Celda\u2192soporte\u2192bandeja/hoja"", ""controller"": ""Seg\u00fan interfaz; Pi para percepci\u00f3n"", ""accessibility"": ""Aislar actuadores; retirar panel de servicio MECH-65, acceder por Nivel A"", ""measurement_status"": ""TBC-MEDIR"", ""modeled"": true, ""document_section"": 37, ""mechanical_parent"": ""MECH-65"", ""electrical_parent"": ""Ver wiring.json"", ""connector"": ""Ver wiring.json"", ""state"": ""STATIC"", ""assembly_group"": ""L""}"
TWIN,BOM-67,MECH-67,compuerta ≈160×160 mm,1,MECHANICAL,,,,,,"{""bom_id"": ""BOM-67"", ""number"": 67, ""name"": ""compuerta \u2248160\u00d7160 mm"", ""quantity"": ""1"", ""component_id"": ""MECH-67"", ""category"": ""MECHANICAL"", ""system_id"": ""MECHANICAL"", ""location"": ""Nivel B"", ""function"": ""Retener/liberar residuo"", ""interface"": ""Servo-varilla; OPEN/CLOSED"", ""fixation"": ""Bisagra sobre conjunto pesado"", ""calibration"": ""160\u00d7160 referencia, paso\u2248140"", ""faults"": ""Choque rotor o falta par"", ""test"": ""C7/P11"", ""input"": ""Servo-varilla; OPEN/CLOSED"", ""output"": ""Retener/liberar residuo"", ""power"": ""Pasivo / sin alimentaci\u00f3n"", ""signal"": ""Servo-varilla; OPEN/CLOSED"", ""controller"": ""Seg\u00fan interfaz; Pi para percepci\u00f3n"", ""accessibility"": ""Aislar actuadores; retirar panel de servicio MECH-65, acceder por Nivel B"", ""measurement_status"": ""TBC-MEDIR"", ""modeled"": true, ""document_section"": 37}","{""bom_id"": ""BOM-67"", ""number"": 67, ""name"": ""compuerta \u2248160\u00d7160 mm"", ""quantity"": 1, ""component_id"": ""MECH-67"", ""category"": ""MECHANICAL"", ""system_id"": ""MECHANICAL"", ""location"": ""Nivel B"", ""function"": ""Retener/liberar residuo"", ""interface"": ""Servo-varilla; OPEN/CLOSED"", ""fixation"": ""Bisagra sobre conjunto pesado"", ""calibration"": ""160\u00d7160 referencia, paso\u2248140"", ""faults"": ""Choque rotor o falta par"", ""test"": ""C7/P11"", ""input"": ""Servo-varilla; OPEN/CLOSED"", ""output"": ""Retener/liberar residuo"", ""power"": ""Pasivo / sin alimentaci\u00f3n"", ""signal"": ""Servo-varilla; OPEN/CLOSED"", ""controller"": ""Seg\u00fan interfaz; Pi para percepci\u00f3n"", ""accessibility"": ""Aislar actuadores; retirar panel de servicio MECH-65, acceder por Nivel B"", ""measurement_status"": ""TBC-MEDIR"", ""modeled"": true, ""document_section"": 37, ""mechanical_parent"": ""MECH-65"", ""electrical_parent"": ""Ver wiring.json"", ""connector"": ""Ver wiring.json"", ""state"": ""STATIC"", ""assembly_group"": ""L""}"
TWIN,BOM-68,MECH-68,conducto/desviador rotatorio,1,MECHANICAL,,,,,,"{""bom_id"": ""BOM-68"", ""number"": 68, ""name"": ""conducto/desviador rotatorio"", ""quantity"": ""1"", ""component_id"": ""MECH-68"", ""category"": ""MECHANICAL"", ""system_id"": ""MECHANICAL"", ""location"": ""Nivel C"", ""function"": ""Canalizar ca\u00edda a cuatro bins"", ""interface"": ""Hub a eje; una boca central y salida radial"", ""fixation"": ""Pieza lisa apoyada por hub bajo suelo de gu\u00eda"", ""calibration"": ""Barrido, paso, radios y vaciado manual"", ""faults"": ""Atasco o eje en trayectoria"", ""test"": ""50 descargas; BLOCKER hasta CAD medido"", ""input"": ""Hub a eje; una boca central y salida radial"", ""output"": ""Canalizar ca\u00edda a cuatro bins"", ""power"": ""Pasivo / sin alimentaci\u00f3n"", ""signal"": ""Hub a eje; una boca central y salida radial"", ""controller"": ""Seg\u00fan interfaz; Pi para percepci\u00f3n"", ""accessibility"": ""Aislar actuadores; retirar panel de servicio MECH-65, acceder por Nivel C"", ""measurement_status"": ""TBC-MEDIR"", ""modeled"": true, ""document_section"": 37}","{""bom_id"": ""BOM-68"", ""number"": 68, ""name"": ""conducto/desviador rotatorio"", ""quantity"": 1, ""component_id"": ""MECH-68"", ""category"": ""MECHANICAL"", ""system_id"": ""MECHANICAL"", ""location"": ""Nivel C"", ""function"": ""Canalizar ca\u00edda a cuatro bins"", ""interface"": ""Hub a eje; una boca central y salida radial"", ""fixation"": ""Pieza lisa apoyada por hub bajo suelo de gu\u00eda"", ""calibration"": ""Barrido, paso, radios y vaciado manual"", ""faults"": ""Atasco o eje en trayectoria"", ""test"": ""50 descargas; BLOCKER hasta CAD medido"", ""input"": ""Hub a eje; una boca central y salida radial"", ""output"": ""Canalizar ca\u00edda a cuatro bins"", ""power"": ""Pasivo / sin alimentaci\u00f3n"", ""signal"": ""Hub a eje; una boca central y salida radial"", ""controller"": ""Seg\u00fan interfaz; Pi para percepci\u00f3n"", ""accessibility"": ""Aislar actuadores; retirar panel de servicio MECH-65, acceder por Nivel C"", ""measurement_status"": ""TBC-MEDIR"", ""modeled"": true, ""document_section"": 37, ""mechanical_parent"": ""MECH-65"", ""electrical_parent"": ""Ver wiring.json"", ""connector"": ""Ver wiring.json"", ""state"": ""STATIC"", ""assembly_group"": ""L""}"
TWIN,BOM-69,MECH-69,eje desviador,1,MECHANICAL,,,,,,"{""bom_id"": ""BOM-69"", ""number"": 69, ""name"": ""eje desviador"", ""quantity"": ""1"", ""component_id"": ""MECH-69"", ""category"": ""MECHANICAL"", ""system_id"": ""MECHANICAL"", ""location"": ""Centro, debajo suelo de gu\u00eda"", ""function"": ""Transmitir giro sin invadir paso del objeto"", ""interface"": ""Acople/rodamientos/hub"", ""fixation"": ""Dos rodamientos estructurales"", ""calibration"": ""Di\u00e1metro/acabado/coaxialidad"", ""faults"": ""Flexi\u00f3n o interferencia"", ""test"": ""C5 giro vac\u00edo"", ""input"": ""Acople/rodamientos/hub"", ""output"": ""Transmitir giro sin invadir paso del objeto"", ""power"": ""Pasivo / sin alimentaci\u00f3n"", ""signal"": ""Acople/rodamientos/hub"", ""controller"": ""Seg\u00fan interfaz; Pi para percepci\u00f3n"", ""accessibility"": ""Aislar actuadores; retirar panel de servicio MECH-65, acceder por Centro, debajo suelo de gu\u00eda"", ""measurement_status"": ""TBC-MEDIR"", ""modeled"": true, ""document_section"": 37}","{""bom_id"": ""BOM-69"", ""number"": 69, ""name"": ""eje desviador"", ""quantity"": 1, ""component_id"": ""MECH-69"", ""category"": ""MECHANICAL"", ""system_id"": ""MECHANICAL"", ""location"": ""Centro, debajo suelo de gu\u00eda"", ""function"": ""Transmitir giro sin invadir paso del objeto"", ""interface"": ""Acople/rodamientos/hub"", ""fixation"": ""Dos rodamientos estructurales"", ""calibration"": ""Di\u00e1metro/acabado/coaxialidad"", ""faults"": ""Flexi\u00f3n o interferencia"", ""test"": ""C5 giro vac\u00edo"", ""input"": ""Acople/rodamientos/hub"", ""output"": ""Transmitir giro sin invadir paso del objeto"", ""power"": ""Pasivo / sin alimentaci\u00f3n"", ""signal"": ""Acople/rodamientos/hub"", ""controller"": ""Seg\u00fan interfaz; Pi para percepci\u00f3n"", ""accessibility"": ""Aislar actuadores; retirar panel de servicio MECH-65, acceder por Centro, debajo suelo de gu\u00eda"", ""measurement_status"": ""TBC-MEDIR"", ""modeled"": true, ""document_section"": 37, ""mechanical_parent"": ""MECH-65"", ""electrical_parent"": ""Ver wiring.json"", ""connector"": ""Ver wiring.json"", ""state"": ""STATIC"", ""assembly_group"": ""L""}"
TWIN,BOM-70,MECH-70,rodamiento,2,MECHANICAL,,,,,,"{""bom_id"": ""BOM-70"", ""number"": 70, ""name"": ""rodamiento"", ""quantity"": ""2"", ""component_id"": ""MECH-70"", ""category"": ""MECHANICAL"", ""system_id"": ""MECHANICAL"", ""location"": ""Travesa\u00f1os centrales, dos alturas"", ""function"": ""Absorber carga radial"", ""interface"": ""Di\u00e1metro interior eje TBC"", ""fixation"": ""Alojamiento mecanizado en soportes independientes"", ""calibration"": ""Ajuste y coaxialidad"", ""faults"": ""Gripado o juego"", ""test"": ""C5 giro manual sin motor"", ""input"": ""Di\u00e1metro interior eje TBC"", ""output"": ""Absorber carga radial"", ""power"": ""Pasivo / sin alimentaci\u00f3n"", ""signal"": ""Di\u00e1metro interior eje TBC"", ""controller"": ""Seg\u00fan interfaz; Pi para percepci\u00f3n"", ""accessibility"": ""Aislar actuadores; retirar panel de servicio MECH-65, acceder por Travesa\u00f1os centrales, dos alturas"", ""measurement_status"": ""TBC-MEDIR"", ""modeled"": true, ""document_section"": 37}","{""bom_id"": ""BOM-70"", ""number"": 70, ""name"": ""rodamiento"", ""quantity"": 1, ""component_id"": ""MECH-70-1"", ""category"": ""MECHANICAL"", ""system_id"": ""MECHANICAL"", ""location"": ""Travesa\u00f1os centrales, dos alturas"", ""function"": ""Absorber carga radial"", ""interface"": ""Di\u00e1metro interior eje TBC"", ""fixation"": ""Alojamiento mecanizado en soportes independientes"", ""calibration"": ""Ajuste y coaxialidad"", ""faults"": ""Gripado o juego"", ""test"": ""C5 giro manual sin motor"", ""input"": ""Di\u00e1metro interior eje TBC"", ""output"": ""Absorber carga radial"", ""power"": ""Pasivo / sin alimentaci\u00f3n"", ""signal"": ""Di\u00e1metro interior eje TBC"", ""controller"": ""Seg\u00fan interfaz; Pi para percepci\u00f3n"", ""accessibility"": ""Aislar actuadores; retirar panel de servicio MECH-65, acceder por Travesa\u00f1os centrales, dos alturas"", ""measurement_status"": ""TBC-MEDIR"", ""modeled"": true, ""document_section"": 37, ""mechanical_parent"": ""MECH-65"", ""electrical_parent"": ""Ver wiring.json"", ""connector"": ""Ver wiring.json"", ""state"": ""STATIC"", ""assembly_group"": ""L""}"
TWIN,BOM-71,MECH-71,collarín,2,MECHANICAL,,,,,,"{""bom_id"": ""BOM-71"", ""number"": 71, ""name"": ""collar\u00edn"", ""quantity"": ""2"", ""component_id"": ""MECH-71"", ""category"": ""MECHANICAL"", ""system_id"": ""MECHANICAL"", ""location"": ""Junto apoyos de eje"", ""function"": ""Limitar desplazamiento axial"", ""interface"": ""Abrazan eje"", ""fixation"": ""Prisionero/abrazadera seg\u00fan pieza"", ""calibration"": ""Juego axial libre sin precarga indebida"", ""faults"": ""Roce/aplastar rodamiento"", ""test"": ""C5"", ""input"": ""Abrazan eje"", ""output"": ""Limitar desplazamiento axial"", ""power"": ""Pasivo / sin alimentaci\u00f3n"", ""signal"": ""Abrazan eje"", ""controller"": ""Seg\u00fan interfaz; Pi para percepci\u00f3n"", ""accessibility"": ""Aislar actuadores; retirar panel de servicio MECH-65, acceder por Junto apoyos de eje"", ""measurement_status"": ""TBC-MEDIR"", ""modeled"": true, ""document_section"": 37}","{""bom_id"": ""BOM-71"", ""number"": 71, ""name"": ""collar\u00edn"", ""quantity"": 1, ""component_id"": ""MECH-71-1"", ""category"": ""MECHANICAL"", ""system_id"": ""MECHANICAL"", ""location"": ""Junto apoyos de eje"", ""function"": ""Limitar desplazamiento axial"", ""interface"": ""Abrazan eje"", ""fixation"": ""Prisionero/abrazadera seg\u00fan pieza"", ""calibration"": ""Juego axial libre sin precarga indebida"", ""faults"": ""Roce/aplastar rodamiento"", ""test"": ""C5"", ""input"": ""Abrazan eje"", ""output"": ""Limitar desplazamiento axial"", ""power"": ""Pasivo / sin alimentaci\u00f3n"", ""signal"": ""Abrazan eje"", ""controller"": ""Seg\u00fan interfaz; Pi para percepci\u00f3n"", ""accessibility"": ""Aislar actuadores; retirar panel de servicio MECH-65, acceder por Junto apoyos de eje"", ""measurement_status"": ""TBC-MEDIR"", ""modeled"": true, ""document_section"": 37, ""mechanical_parent"": ""MECH-65"", ""electrical_parent"": ""Ver wiring.json"", ""connector"": ""Ver wiring.json"", ""state"": ""STATIC"", ""assembly_group"": ""L""}"
TWIN,BOM-72,MECH-72,bisagra compuerta,1,MECHANICAL,,,,,,"{""bom_id"": ""BOM-72"", ""number"": 72, ""name"": ""bisagra compuerta"", ""quantity"": ""1"", ""component_id"": ""MECH-72"", ""category"": ""MECHANICAL"", ""system_id"": ""MECHANICAL"", ""location"": ""Borde bandeja pesada"", ""function"": ""Pivotar hoja"", ""interface"": ""MECH-66/67"", ""fixation"": ""Tornillos cautivos sobre mismo conjunto pesado"", ""calibration"": ""Eje y holgura barrido"", ""faults"": ""Fuerza deriva a bastidor"", ""test"": ""C7/P12"", ""input"": ""MECH-66/67"", ""output"": ""Pivotar hoja"", ""power"": ""Pasivo / sin alimentaci\u00f3n"", ""signal"": ""MECH-66/67"", ""controller"": ""Seg\u00fan interfaz; Pi para percepci\u00f3n"", ""accessibility"": ""Aislar actuadores; retirar panel de servicio MECH-65, acceder por Borde bandeja pesada"", ""measurement_status"": ""TBC-MEDIR"", ""modeled"": true, ""document_section"": 37}","{""bom_id"": ""BOM-72"", ""number"": 72, ""name"": ""bisagra compuerta"", ""quantity"": 1, ""component_id"": ""MECH-72"", ""category"": ""MECHANICAL"", ""system_id"": ""MECHANICAL"", ""location"": ""Borde bandeja pesada"", ""function"": ""Pivotar hoja"", ""interface"": ""MECH-66/67"", ""fixation"": ""Tornillos cautivos sobre mismo conjunto pesado"", ""calibration"": ""Eje y holgura barrido"", ""faults"": ""Fuerza deriva a bastidor"", ""test"": ""C7/P12"", ""input"": ""MECH-66/67"", ""output"": ""Pivotar hoja"", ""power"": ""Pasivo / sin alimentaci\u00f3n"", ""signal"": ""MECH-66/67"", ""controller"": ""Seg\u00fan interfaz; Pi para percepci\u00f3n"", ""accessibility"": ""Aislar actuadores; retirar panel de servicio MECH-65, acceder por Borde bandeja pesada"", ""measurement_status"": ""TBC-MEDIR"", ""modeled"": true, ""document_section"": 37, ""mechanical_parent"": ""MECH-65"", ""electrical_parent"": ""Ver wiring.json"", ""connector"": ""Ver wiring.json"", ""state"": ""STATIC"", ""assembly_group"": ""L""}"
TWIN,BOM-73,MECH-73,bisagras tapa,2,MECHANICAL,,,,,,"{""bom_id"": ""BOM-73"", ""number"": 73, ""name"": ""bisagras tapa"", ""quantity"": ""2"", ""component_id"": ""MECH-73"", ""category"": ""MECHANICAL"", ""system_id"": ""MECHANICAL"", ""location"": ""Marco tapa superior"", ""function"": ""Permitir carga"", ""interface"": ""MECH-65 tapa y marco"", ""fixation"": ""Dos bisagras con tornillos"", ""calibration"": ""Barrido c\u00e1mara y CSI"", ""faults"": ""Tapa golpea lente"", ""test"": ""Audit F"", ""input"": ""MECH-65 tapa y marco"", ""output"": ""Permitir carga"", ""power"": ""Pasivo / sin alimentaci\u00f3n"", ""signal"": ""MECH-65 tapa y marco"", ""controller"": ""Seg\u00fan interfaz; Pi para percepci\u00f3n"", ""accessibility"": ""Aislar actuadores; retirar panel de servicio MECH-65, acceder por Marco tapa superior"", ""measurement_status"": ""TBC-MEDIR"", ""modeled"": true, ""document_section"": 37}","{""bom_id"": ""BOM-73"", ""number"": 73, ""name"": ""bisagras tapa"", ""quantity"": 1, ""component_id"": ""MECH-73-1"", ""category"": ""MECHANICAL"", ""system_id"": ""MECHANICAL"", ""location"": ""Marco tapa superior"", ""function"": ""Permitir carga"", ""interface"": ""MECH-65 tapa y marco"", ""fixation"": ""Dos bisagras con tornillos"", ""calibration"": ""Barrido c\u00e1mara y CSI"", ""faults"": ""Tapa golpea lente"", ""test"": ""Audit F"", ""input"": ""MECH-65 tapa y marco"", ""output"": ""Permitir carga"", ""power"": ""Pasivo / sin alimentaci\u00f3n"", ""signal"": ""MECH-65 tapa y marco"", ""controller"": ""Seg\u00fan interfaz; Pi para percepci\u00f3n"", ""accessibility"": ""Aislar actuadores; retirar panel de servicio MECH-65, acceder por Marco tapa superior"", ""measurement_status"": ""TBC-MEDIR"", ""modeled"": true, ""document_section"": 37, ""mechanical_parent"": ""MECH-65"", ""electrical_parent"": ""Ver wiring.json"", ""connector"": ""Ver wiring.json"", ""state"": ""STATIC"", ""assembly_group"": ""L""}"
TWIN,BOM-74,MECH-74,bisagras puerta servicio,2,MECHANICAL,,,,,,"{""bom_id"": ""BOM-74"", ""number"": 74, ""name"": ""bisagras puerta servicio"", ""quantity"": ""2"", ""component_id"": ""MECH-74"", ""category"": ""MECHANICAL"", ""system_id"": ""MECHANICAL"", ""location"": ""Frente puerta servicio"", ""function"": ""Acceder a cuatro bins y paneles"", ""interface"": ""MECH-65 puerta"", ""fixation"": ""Dos bisagras"", ""calibration"": ""Apertura/extracci\u00f3n diagonal"", ""faults"": ""Asas chocan"", ""test"": ""Audit D/E"", ""input"": ""MECH-65 puerta"", ""output"": ""Acceder a cuatro bins y paneles"", ""power"": ""Pasivo / sin alimentaci\u00f3n"", ""signal"": ""MECH-65 puerta"", ""controller"": ""Seg\u00fan interfaz; Pi para percepci\u00f3n"", ""accessibility"": ""Aislar actuadores; retirar panel de servicio MECH-65, acceder por Frente puerta servicio"", ""measurement_status"": ""TBC-MEDIR"", ""modeled"": true, ""document_section"": 37}","{""bom_id"": ""BOM-74"", ""number"": 74, ""name"": ""bisagras puerta servicio"", ""quantity"": 1, ""component_id"": ""MECH-74-1"", ""category"": ""MECHANICAL"", ""system_id"": ""MECHANICAL"", ""location"": ""Frente puerta servicio"", ""function"": ""Acceder a cuatro bins y paneles"", ""interface"": ""MECH-65 puerta"", ""fixation"": ""Dos bisagras"", ""calibration"": ""Apertura/extracci\u00f3n diagonal"", ""faults"": ""Asas chocan"", ""test"": ""Audit D/E"", ""input"": ""MECH-65 puerta"", ""output"": ""Acceder a cuatro bins y paneles"", ""power"": ""Pasivo / sin alimentaci\u00f3n"", ""signal"": ""MECH-65 puerta"", ""controller"": ""Seg\u00fan interfaz; Pi para percepci\u00f3n"", ""accessibility"": ""Aislar actuadores; retirar panel de servicio MECH-65, acceder por Frente puerta servicio"", ""measurement_status"": ""TBC-MEDIR"", ""modeled"": true, ""document_section"": 37, ""mechanical_parent"": ""MECH-65"", ""electrical_parent"": ""Ver wiring.json"", ""connector"": ""Ver wiring.json"", ""state"": ""STATIC"", ""assembly_group"": ""L""}"
TWIN,BOM-75,MECH-75,pestillo puerta servicio,1,MECHANICAL,,,,,,"{""bom_id"": ""BOM-75"", ""number"": 75, ""name"": ""pestillo puerta servicio"", ""quantity"": ""1"", ""component_id"": ""MECH-75"", ""category"": ""MECHANICAL"", ""system_id"": ""MECHANICAL"", ""location"": ""Puerta servicio"", ""function"": ""Mantener cierre"", ""interface"": ""Marco y hoja"", ""fixation"": ""Torniller\u00eda inaccesible al residuo"", ""calibration"": ""Juego y switch"", ""faults"": ""Puerta parece cerrada sin switch"", ""test"": ""P02"", ""input"": ""Marco y hoja"", ""output"": ""Mantener cierre"", ""power"": ""Pasivo / sin alimentaci\u00f3n"", ""signal"": ""Marco y hoja"", ""controller"": ""Seg\u00fan interfaz; Pi para percepci\u00f3n"", ""accessibility"": ""Aislar actuadores; retirar panel de servicio MECH-65, acceder por Puerta servicio"", ""measurement_status"": ""TBC-MEDIR"", ""modeled"": true, ""document_section"": 37}","{""bom_id"": ""BOM-75"", ""number"": 75, ""name"": ""pestillo puerta servicio"", ""quantity"": 1, ""component_id"": ""MECH-75"", ""category"": ""MECHANICAL"", ""system_id"": ""MECHANICAL"", ""location"": ""Puerta servicio"", ""function"": ""Mantener cierre"", ""interface"": ""Marco y hoja"", ""fixation"": ""Torniller\u00eda inaccesible al residuo"", ""calibration"": ""Juego y switch"", ""faults"": ""Puerta parece cerrada sin switch"", ""test"": ""P02"", ""input"": ""Marco y hoja"", ""output"": ""Mantener cierre"", ""power"": ""Pasivo / sin alimentaci\u00f3n"", ""signal"": ""Marco y hoja"", ""controller"": ""Seg\u00fan interfaz; Pi para percepci\u00f3n"", ""accessibility"": ""Aislar actuadores; retirar panel de servicio MECH-65, acceder por Puerta servicio"", ""measurement_status"": ""TBC-MEDIR"", ""modeled"": true, ""document_section"": 37, ""mechanical_parent"": ""MECH-65"", ""electrical_parent"": ""Ver wiring.json"", ""connector"": ""Ver wiring.json"", ""state"": ""STATIC"", ""assembly_group"": ""L""}"
TWIN,BOM-76,MECH-76,tornillería M3/M4/M5,surtida,MECHANICAL,,,,,,"{""bom_id"": ""BOM-76"", ""number"": 76, ""name"": ""torniller\u00eda M3/M4/M5"", ""quantity"": ""surtida"", ""component_id"": ""MECH-76"", ""category"": ""FASTENER"", ""system_id"": ""MECHANICAL"", ""location"": ""Uniones estructura/electr\u00f3nica"", ""function"": ""Fijaci\u00f3n mec\u00e1nica"", ""interface"": ""M3 electr\u00f3nica; M4/M5 estructura seg\u00fan fabricante"", ""fixation"": ""Rondanas adecuadas"", ""calibration"": ""Par seg\u00fan material/proveedor, no universal"", ""faults"": ""Rosca barrida"", ""test"": ""Marca testigo y revisi\u00f3n"", ""input"": ""M3 electr\u00f3nica; M4/M5 estructura seg\u00fan fabricante"", ""output"": ""Fijaci\u00f3n mec\u00e1nica"", ""power"": ""Pasivo / sin alimentaci\u00f3n"", ""signal"": ""M3 electr\u00f3nica; M4/M5 estructura seg\u00fan fabricante"", ""controller"": ""Seg\u00fan interfaz; Pi para percepci\u00f3n"", ""accessibility"": ""Aislar actuadores; retirar panel de servicio MECH-65, acceder por Uniones estructura/electr\u00f3nica"", ""measurement_status"": ""TBC-MEDIR"", ""modeled"": true, ""document_section"": 37}","{""bom_id"": ""BOM-76"", ""number"": 76, ""name"": ""torniller\u00eda M3/M4/M5"", ""quantity"": 1, ""component_id"": ""MECH-76"", ""category"": ""FASTENER"", ""system_id"": ""MECHANICAL"", ""location"": ""Uniones estructura/electr\u00f3nica"", ""function"": ""Fijaci\u00f3n mec\u00e1nica"", ""interface"": ""M3 electr\u00f3nica; M4/M5 estructura seg\u00fan fabricante"", ""fixation"": ""Rondanas adecuadas"", ""calibration"": ""Par seg\u00fan material/proveedor, no universal"", ""faults"": ""Rosca barrida"", ""test"": ""Marca testigo y revisi\u00f3n"", ""input"": ""M3 electr\u00f3nica; M4/M5 estructura seg\u00fan fabricante"", ""output"": ""Fijaci\u00f3n mec\u00e1nica"", ""power"": ""Pasivo / sin alimentaci\u00f3n"", ""signal"": ""M3 electr\u00f3nica; M4/M5 estructura seg\u00fan fabricante"", ""controller"": ""Seg\u00fan interfaz; Pi para percepci\u00f3n"", ""accessibility"": ""Aislar actuadores; retirar panel de servicio MECH-65, acceder por Uniones estructura/electr\u00f3nica"", ""measurement_status"": ""TBC-MEDIR"", ""modeled"": true, ""document_section"": 37, ""mechanical_parent"": ""MECH-65"", ""electrical_parent"": ""Ver wiring.json"", ""connector"": ""Ver wiring.json"", ""state"": ""STATIC"", ""assembly_group"": ""L""}"
TWIN,BOM-77,MECH-77,Nyloc + rondanas,surtidas,MECHANICAL,,,,,,"{""bom_id"": ""BOM-77"", ""number"": 77, ""name"": ""Nyloc + rondanas"", ""quantity"": ""surtidas"", ""component_id"": ""MECH-77"", ""category"": ""FASTENER"", ""system_id"": ""MECHANICAL"", ""location"": ""Uniones sometidas a vibraci\u00f3n"", ""function"": ""Retenci\u00f3n y reparto de carga"", ""interface"": ""Nyloc/rondanas compatibles"", ""fixation"": ""No precargar piezas m\u00f3viles"", ""calibration"": ""Juego y torque definido tras prueba"", ""faults"": ""Aflojamiento"", ""test"": ""P15 revisi\u00f3n"", ""input"": ""Nyloc/rondanas compatibles"", ""output"": ""Retenci\u00f3n y reparto de carga"", ""power"": ""Pasivo / sin alimentaci\u00f3n"", ""signal"": ""Nyloc/rondanas compatibles"", ""controller"": ""Seg\u00fan interfaz; Pi para percepci\u00f3n"", ""accessibility"": ""Aislar actuadores; retirar panel de servicio MECH-65, acceder por Uniones sometidas a vibraci\u00f3n"", ""measurement_status"": ""TBC-MEDIR"", ""modeled"": true, ""document_section"": 37}","{""bom_id"": ""BOM-77"", ""number"": 77, ""name"": ""Nyloc + rondanas"", ""quantity"": 1, ""component_id"": ""MECH-77"", ""category"": ""FASTENER"", ""system_id"": ""MECHANICAL"", ""location"": ""Uniones sometidas a vibraci\u00f3n"", ""function"": ""Retenci\u00f3n y reparto de carga"", ""interface"": ""Nyloc/rondanas compatibles"", ""fixation"": ""No precargar piezas m\u00f3viles"", ""calibration"": ""Juego y torque definido tras prueba"", ""faults"": ""Aflojamiento"", ""test"": ""P15 revisi\u00f3n"", ""input"": ""Nyloc/rondanas compatibles"", ""output"": ""Retenci\u00f3n y reparto de carga"", ""power"": ""Pasivo / sin alimentaci\u00f3n"", ""signal"": ""Nyloc/rondanas compatibles"", ""controller"": ""Seg\u00fan interfaz; Pi para percepci\u00f3n"", ""accessibility"": ""Aislar actuadores; retirar panel de servicio MECH-65, acceder por Uniones sometidas a vibraci\u00f3n"", ""measurement_status"": ""TBC-MEDIR"", ""modeled"": true, ""document_section"": 37, ""mechanical_parent"": ""MECH-65"", ""electrical_parent"": ""Ver wiring.json"", ""connector"": ""Ver wiring.json"", ""state"": ""STATIC"", ""assembly_group"": ""L""}"
TWIN,BOM-78,SAFE-78,policarbonato/acrílico para resguardo,por medir,MECHANICAL,,,,,,"{""bom_id"": ""BOM-78"", ""number"": 78, ""name"": ""policarbonato/acr\u00edlico para resguardo"", ""quantity"": ""por medir"", ""component_id"": ""SAFE-78"", ""category"": ""MATERIAL"", ""system_id"": ""MECHANICAL"", ""location"": ""Separaci\u00f3n residuo/energ\u00eda y ventanas"", ""function"": ""Resguardo contra acceso y proyecci\u00f3n"", ""interface"": ""Panel pasivo"", ""fixation"": ""Atornillado, retirado solo sin energ\u00eda"", ""calibration"": ""Espesor/rigidez/cantos"", ""faults"": ""Fisura o abertura alcanzable"", ""test"": ""P02/inspecci\u00f3n"", ""input"": ""Panel pasivo"", ""output"": ""Resguardo contra acceso y proyecci\u00f3n"", ""power"": ""Pasivo / sin alimentaci\u00f3n"", ""signal"": ""Panel pasivo"", ""controller"": ""Seg\u00fan interfaz; Pi para percepci\u00f3n"", ""accessibility"": ""Aislar actuadores; retirar panel de servicio MECH-65, acceder por Separaci\u00f3n residuo/energ\u00eda y ventanas"", ""measurement_status"": ""TBC-MEDIR"", ""modeled"": true, ""document_section"": 37}","{""bom_id"": ""BOM-78"", ""number"": 78, ""name"": ""policarbonato/acr\u00edlico para resguardo"", ""quantity"": 1, ""component_id"": ""SAFE-78"", ""category"": ""MATERIAL"", ""system_id"": ""MECHANICAL"", ""location"": ""Separaci\u00f3n residuo/energ\u00eda y ventanas"", ""function"": ""Resguardo contra acceso y proyecci\u00f3n"", ""interface"": ""Panel pasivo"", ""fixation"": ""Atornillado, retirado solo sin energ\u00eda"", ""calibration"": ""Espesor/rigidez/cantos"", ""faults"": ""Fisura o abertura alcanzable"", ""test"": ""P02/inspecci\u00f3n"", ""input"": ""Panel pasivo"", ""output"": ""Resguardo contra acceso y proyecci\u00f3n"", ""power"": ""Pasivo / sin alimentaci\u00f3n"", ""signal"": ""Panel pasivo"", ""controller"": ""Seg\u00fan interfaz; Pi para percepci\u00f3n"", ""accessibility"": ""Aislar actuadores; retirar panel de servicio MECH-65, acceder por Separaci\u00f3n residuo/energ\u00eda y ventanas"", ""measurement_status"": ""TBC-MEDIR"", ""modeled"": true, ""document_section"": 37, ""mechanical_parent"": ""MECH-65"", ""electrical_parent"": ""Ver wiring.json"", ""connector"": ""Ver wiring.json"", ""state"": ""STATIC"", ""assembly_group"": ""L""}"
TWIN,BOM-79,MECH-79,PETG para guías/soportes,por medir,MECHANICAL,,,,,,"{""bom_id"": ""BOM-79"", ""number"": 79, ""name"": ""PETG para gu\u00edas/soportes"", ""quantity"": ""por medir"", ""component_id"": ""MECH-79"", ""category"": ""MATERIAL"", ""system_id"": ""MECHANICAL"", ""location"": ""Gu\u00edas, soportes c\u00e1mara y sensores"", ""function"": ""Material de fabricaci\u00f3n ya contemplado"", ""interface"": ""Pasivo"", ""fixation"": ""Impresi\u00f3n con orientaci\u00f3n de esfuerzo documentada"", ""calibration"": ""Contracci\u00f3n/agujeros y temperatura"", ""faults"": ""Fluencia o delaminaci\u00f3n"", ""test"": ""Ensayo pieza antes montaje"", ""input"": ""Pasivo"", ""output"": ""Material de fabricaci\u00f3n ya contemplado"", ""power"": ""Pasivo / sin alimentaci\u00f3n"", ""signal"": ""Pasivo"", ""controller"": ""Seg\u00fan interfaz; Pi para percepci\u00f3n"", ""accessibility"": ""Aislar actuadores; retirar panel de servicio MECH-65, acceder por Gu\u00edas, soportes c\u00e1mara y sensores"", ""measurement_status"": ""TBC-MEDIR"", ""modeled"": true, ""document_section"": 37}","{""bom_id"": ""BOM-79"", ""number"": 79, ""name"": ""PETG para gu\u00edas/soportes"", ""quantity"": 1, ""component_id"": ""MECH-79"", ""category"": ""MATERIAL"", ""system_id"": ""MECHANICAL"", ""location"": ""Gu\u00edas, soportes c\u00e1mara y sensores"", ""function"": ""Material de fabricaci\u00f3n ya contemplado"", ""interface"": ""Pasivo"", ""fixation"": ""Impresi\u00f3n con orientaci\u00f3n de esfuerzo documentada"", ""calibration"": ""Contracci\u00f3n/agujeros y temperatura"", ""faults"": ""Fluencia o delaminaci\u00f3n"", ""test"": ""Ensayo pieza antes montaje"", ""input"": ""Pasivo"", ""output"": ""Material de fabricaci\u00f3n ya contemplado"", ""power"": ""Pasivo / sin alimentaci\u00f3n"", ""signal"": ""Pasivo"", ""controller"": ""Seg\u00fan interfaz; Pi para percepci\u00f3n"", ""accessibility"": ""Aislar actuadores; retirar panel de servicio MECH-65, acceder por Gu\u00edas, soportes c\u00e1mara y sensores"", ""measurement_status"": ""TBC-MEDIR"", ""modeled"": true, ""document_section"": 37, ""mechanical_parent"": ""MECH-65"", ""electrical_parent"": ""Ver wiring.json"", ""connector"": ""Ver wiring.json"", ""state"": ""STATIC"", ""assembly_group"": ""L""}"
TWIN,BOM-80,MECH-80,fabricación mecánica completa,1 servicio,MECHANICAL,,,,,,"{""bom_id"": ""BOM-80"", ""number"": 80, ""name"": ""fabricaci\u00f3n mec\u00e1nica completa"", ""quantity"": ""1 servicio"", ""component_id"": ""MECH-80"", ""category"": ""LOGISTICS"", ""system_id"": ""LOGISTICS"", ""location"": ""Taller, documentaci\u00f3n"", ""function"": ""Fabricar todas las piezas de MECH-65\u201379"", ""interface"": ""CAD medido, DXF/STL/STEP seg\u00fan pieza"", ""fixation"": ""No componente a\u00f1adido"", ""calibration"": ""Recepci\u00f3n dimensional"", ""faults"": ""No cabe conjunto"", ""test"": ""22 etapas y acta recepci\u00f3n"", ""input"": ""CAD medido, DXF/STL/STEP seg\u00fan pieza"", ""output"": ""Fabricar todas las piezas de MECH-65\u201379"", ""power"": ""Pasivo / sin alimentaci\u00f3n"", ""signal"": ""CAD medido, DXF/STL/STEP seg\u00fan pieza"", ""controller"": ""Seg\u00fan interfaz; Pi para percepci\u00f3n"", ""accessibility"": ""Aislar actuadores; retirar panel de servicio MECH-65, acceder por Taller, documentaci\u00f3n"", ""measurement_status"": ""TBC-MEDIR"", ""modeled"": false, ""document_section"": 37}","{""bom_id"": ""BOM-80"", ""number"": 80, ""name"": ""fabricaci\u00f3n mec\u00e1nica completa"", ""quantity"": 1, ""component_id"": ""MECH-80"", ""category"": ""LOGISTICS"", ""system_id"": ""LOGISTICS"", ""location"": ""Taller, documentaci\u00f3n"", ""function"": ""Fabricar todas las piezas de MECH-65\u201379"", ""interface"": ""CAD medido, DXF/STL/STEP seg\u00fan pieza"", ""fixation"": ""No componente a\u00f1adido"", ""calibration"": ""Recepci\u00f3n dimensional"", ""faults"": ""No cabe conjunto"", ""test"": ""22 etapas y acta recepci\u00f3n"", ""input"": ""CAD medido, DXF/STL/STEP seg\u00fan pieza"", ""output"": ""Fabricar todas las piezas de MECH-65\u201379"", ""power"": ""Pasivo / sin alimentaci\u00f3n"", ""signal"": ""CAD medido, DXF/STL/STEP seg\u00fan pieza"", ""controller"": ""Seg\u00fan interfaz; Pi para percepci\u00f3n"", ""accessibility"": ""Aislar actuadores; retirar panel de servicio MECH-65, acceder por Taller, documentaci\u00f3n"", ""measurement_status"": ""TBC-MEDIR"", ""modeled"": false, ""document_section"": 37, ""mechanical_parent"": ""MECH-65"", ""electrical_parent"": ""Ver wiring.json"", ""connector"": ""Ver wiring.json"", ""state"": ""STATIC"", ""assembly_group"": ""L""}"
TWIN,BOM-81,SAFE-81,repuestos menores,1 lote,DEFERRED,,,,,,"{""bom_id"": ""BOM-81"", ""number"": 81, ""name"": ""repuestos menores"", ""quantity"": ""1 lote"", ""component_id"": ""SAFE-81"", ""category"": ""LOGISTICS"", ""system_id"": ""LOGISTICS"", ""location"": ""Almac\u00e9n externo"", ""function"": ""Reposici\u00f3n menores sin aumentar conteo operativo"", ""interface"": ""Etiquetado por BOM"", ""fixation"": ""Caja fuera mecanismo"", ""calibration"": ""Inventario y compatibilidad"", ""faults"": ""Repuesto diferente"", ""test"": ""Comparar referencia antes montar"", ""input"": ""Etiquetado por BOM"", ""output"": ""Reposici\u00f3n menores sin aumentar conteo operativo"", ""power"": ""Pasivo / sin alimentaci\u00f3n"", ""signal"": ""Etiquetado por BOM"", ""controller"": ""Seg\u00fan interfaz; Pi para percepci\u00f3n"", ""accessibility"": ""Aislar actuadores; retirar panel de servicio MECH-65, acceder por Almac\u00e9n externo"", ""measurement_status"": ""TBC-MEDIR"", ""modeled"": false, ""document_section"": 37}","{""bom_id"": ""BOM-81"", ""number"": 81, ""name"": ""repuestos menores"", ""quantity"": 1, ""component_id"": ""SAFE-81"", ""category"": ""LOGISTICS"", ""system_id"": ""LOGISTICS"", ""location"": ""Almac\u00e9n externo"", ""function"": ""Reposici\u00f3n menores sin aumentar conteo operativo"", ""interface"": ""Etiquetado por BOM"", ""fixation"": ""Caja fuera mecanismo"", ""calibration"": ""Inventario y compatibilidad"", ""faults"": ""Repuesto diferente"", ""test"": ""Comparar referencia antes montar"", ""input"": ""Etiquetado por BOM"", ""output"": ""Reposici\u00f3n menores sin aumentar conteo operativo"", ""power"": ""Pasivo / sin alimentaci\u00f3n"", ""signal"": ""Etiquetado por BOM"", ""controller"": ""Seg\u00fan interfaz; Pi para percepci\u00f3n"", ""accessibility"": ""Aislar actuadores; retirar panel de servicio MECH-65, acceder por Almac\u00e9n externo"", ""measurement_status"": ""TBC-MEDIR"", ""modeled"": false, ""document_section"": 37, ""mechanical_parent"": ""MECH-65"", ""electrical_parent"": ""Ver wiring.json"", ""connector"": ""Ver wiring.json"", ""state"": ""STATIC"", ""assembly_group"": ""L""}"
TWIN,BOM-82,HAR-82,envíos/logística,1 partida,DEFERRED,,,,,,"{""bom_id"": ""BOM-82"", ""number"": 82, ""name"": ""env\u00edos/log\u00edstica"", ""quantity"": ""1 partida"", ""component_id"": ""HAR-82"", ""category"": ""LOGISTICS"", ""system_id"": ""LOGISTICS"", ""location"": ""Cadena suministro"", ""function"": ""Transporte y recepci\u00f3n"", ""interface"": ""Gu\u00edas, fechas, costo separado"", ""fixation"": ""No geometr\u00eda operativa"", ""calibration"": ""Verificar da\u00f1os y contenido"", ""faults"": ""Retraso/da\u00f1o"", ""test"": ""Recepci\u00f3n y presupuesto independiente"", ""input"": ""Gu\u00edas, fechas, costo separado"", ""output"": ""Transporte y recepci\u00f3n"", ""power"": ""Pasivo / sin alimentaci\u00f3n"", ""signal"": ""Gu\u00edas, fechas, costo separado"", ""controller"": ""Seg\u00fan interfaz; Pi para percepci\u00f3n"", ""accessibility"": ""Aislar actuadores; retirar panel de servicio MECH-65, acceder por Cadena suministro"", ""measurement_status"": ""TBC-MEDIR"", ""modeled"": false, ""document_section"": 37}","{""bom_id"": ""BOM-82"", ""number"": 82, ""name"": ""env\u00edos/log\u00edstica"", ""quantity"": 1, ""component_id"": ""HAR-82"", ""category"": ""LOGISTICS"", ""system_id"": ""LOGISTICS"", ""location"": ""Cadena suministro"", ""function"": ""Transporte y recepci\u00f3n"", ""interface"": ""Gu\u00edas, fechas, costo separado"", ""fixation"": ""No geometr\u00eda operativa"", ""calibration"": ""Verificar da\u00f1os y contenido"", ""faults"": ""Retraso/da\u00f1o"", ""test"": ""Recepci\u00f3n y presupuesto independiente"", ""input"": ""Gu\u00edas, fechas, costo separado"", ""output"": ""Transporte y recepci\u00f3n"", ""power"": ""Pasivo / sin alimentaci\u00f3n"", ""signal"": ""Gu\u00edas, fechas, costo separado"", ""controller"": ""Seg\u00fan interfaz; Pi para percepci\u00f3n"", ""accessibility"": ""Aislar actuadores; retirar panel de servicio MECH-65, acceder por Cadena suministro"", ""measurement_status"": ""TBC-MEDIR"", ""modeled"": false, ""document_section"": 37, ""mechanical_parent"": ""MECH-65"", ""electrical_parent"": ""Ver wiring.json"", ""connector"": ""Ver wiring.json"", ""state"": ""STATIC"", ""assembly_group"": ""L""}"
PLAN_ALLOCATION,PLAN-01,,Raspberry Pi 5 2 GB,1,PLAN_REFERENCE,1640,,,,,"{""item"": ""Raspberry Pi 5 2 GB"", ""quantity"": ""1"", ""planned_mxn"": ""1640"", ""estimate_kind"": ""PLAN_REFERENCE_2026_09_15"", ""status"": ""NOT_PURCHASED""}",
PLAN_ALLOCATION,PLAN-02,,Camera Module 3,1,PLAN_REFERENCE,644,,,,,"{""item"": ""Camera Module 3"", ""quantity"": ""1"", ""planned_mxn"": ""644"", ""estimate_kind"": ""PLAN_REFERENCE_2026_09_15"", ""status"": ""NOT_PURCHASED""}",
PLAN_ALLOCATION,PLAN-03,,Fuente oficial Pi,1,PLAN_REFERENCE,344,,,,,"{""item"": ""Fuente oficial Pi"", ""quantity"": ""1"", ""planned_mxn"": ""344"", ""estimate_kind"": ""PLAN_REFERENCE_2026_09_15"", ""status"": ""NOT_PURCHASED""}",
PLAN_ALLOCATION,PLAN-04,,Active Cooler,1,PLAN_REFERENCE,140,,,,,"{""item"": ""Active Cooler"", ""quantity"": ""1"", ""planned_mxn"": ""140"", ""estimate_kind"": ""PLAN_REFERENCE_2026_09_15"", ""status"": ""NOT_PURCHASED""}",
PLAN_ALLOCATION,PLAN-05,,microSD 64 GB,1,PLAN_REFERENCE,338,,,,,"{""item"": ""microSD 64 GB"", ""quantity"": ""1"", ""planned_mxn"": ""338"", ""estimate_kind"": ""PLAN_REFERENCE_2026_09_15"", ""status"": ""NOT_PURCHASED""}",
PLAN_ALLOCATION,PLAN-06,,Pico W con headers,1,PLAN_REFERENCE,206,,,,,"{""item"": ""Pico W con headers"", ""quantity"": ""1"", ""planned_mxn"": ""206"", ""estimate_kind"": ""PLAN_REFERENCE_2026_09_15"", ""status"": ""NOT_PURCHASED""}",
PLAN_ALLOCATION,PLAN-07,,Cable CSI 15 a 22 pines,1,PLAN_REFERENCE,120,,,,,"{""item"": ""Cable CSI 15 a 22 pines"", ""quantity"": ""1"", ""planned_mxn"": ""120"", ""estimate_kind"": ""PLAN_ALLOCATION"", ""status"": ""QUOTE_PENDING""}",
PLAN_ALLOCATION,PLAN-08,,NEMA 17 y acople,1,PLAN_REFERENCE,380,,,,,"{""item"": ""NEMA 17 y acople"", ""quantity"": ""1"", ""planned_mxn"": ""380"", ""estimate_kind"": ""PLAN_ALLOCATION"", ""status"": ""QUOTE_PENDING""}",
PLAN_ALLOCATION,PLAN-09,,DRV8825 y desacoplo,1,PLAN_REFERENCE,130,,,,,"{""item"": ""DRV8825 y desacoplo"", ""quantity"": ""1"", ""planned_mxn"": ""130"", ""estimate_kind"": ""PLAN_ALLOCATION"", ""status"": ""QUOTE_PENDING""}",
PLAN_ALLOCATION,PLAN-10,,Servo y varillaje,1,PLAN_REFERENCE,220,,,,,"{""item"": ""Servo y varillaje"", ""quantity"": ""1"", ""planned_mxn"": ""220"", ""estimate_kind"": ""PLAN_ALLOCATION"", ""status"": ""QUOTE_PENDING""}",
PLAN_ALLOCATION,PLAN-11,,Indices finales y contactos,1,PLAN_REFERENCE,180,,,,,"{""item"": ""Indices finales y contactos"", ""quantity"": ""1"", ""planned_mxn"": ""180"", ""estimate_kind"": ""PLAN_ALLOCATION"", ""status"": ""QUOTE_PENDING""}",
PLAN_ALLOCATION,PLAN-12,,Barreras opticas,4,PLAN_REFERENCE,240,,,,,"{""item"": ""Barreras opticas"", ""quantity"": ""4"", ""planned_mxn"": ""240"", ""estimate_kind"": ""PLAN_ALLOCATION_LOT_TOTAL"", ""status"": ""QUOTE_PENDING""}",
PLAN_ALLOCATION,PLAN-13,,VL53L0X,4,PLAN_REFERENCE,520,,,,,"{""item"": ""VL53L0X"", ""quantity"": ""4"", ""planned_mxn"": ""520"", ""estimate_kind"": ""PLAN_ALLOCATION_LOT_TOTAL"", ""status"": ""QUOTE_PENDING""}",
PLAN_ALLOCATION,PLAN-14,,Celda de carga y HX711,1,PLAN_REFERENCE,180,,,,,"{""item"": ""Celda de carga y HX711"", ""quantity"": ""1"", ""planned_mxn"": ""180"", ""estimate_kind"": ""PLAN_ALLOCATION"", ""status"": ""QUOTE_PENDING""}",
PLAN_ALLOCATION,PLAN-15,,Fuente externa 12 V 5 A,1,PLAN_REFERENCE,300,,,,,"{""item"": ""Fuente externa 12 V 5 A"", ""quantity"": ""1"", ""planned_mxn"": ""300"", ""estimate_kind"": ""PLAN_ALLOCATION"", ""status"": ""QUOTE_PENDING""}",
PLAN_ALLOCATION,PLAN-16,,Convertidor servo,1,PLAN_REFERENCE,120,,,,,"{""item"": ""Convertidor servo"", ""quantity"": ""1"", ""planned_mxn"": ""120"", ""estimate_kind"": ""PLAN_ALLOCATION"", ""status"": ""QUOTE_PENDING""}",
PLAN_ALLOCATION,PLAN-17,,Iluminacion y senalizacion,1,PLAN_REFERENCE,100,,,,,"{""item"": ""Iluminacion y senalizacion"", ""quantity"": ""1"", ""planned_mxn"": ""100"", ""estimate_kind"": ""PLAN_ALLOCATION"", ""status"": ""QUOTE_PENDING""}",
PLAN_ALLOCATION,PLAN-18,,Paro corte DC y protecciones,1,PLAN_REFERENCE,350,,,,,"{""item"": ""Paro corte DC y protecciones"", ""quantity"": ""1"", ""planned_mxn"": ""350"", ""estimate_kind"": ""PLAN_ALLOCATION"", ""status"": ""QUOTE_PENDING""}",
PLAN_ALLOCATION,PLAN-19,,Cableado y terminales,1,PLAN_REFERENCE,300,,,,,"{""item"": ""Cableado y terminales"", ""quantity"": ""1"", ""planned_mxn"": ""300"", ""estimate_kind"": ""PLAN_ALLOCATION"", ""status"": ""QUOTE_PENDING""}",
PLAN_ALLOCATION,PLAN-20,,Recipientes,4,PLAN_REFERENCE,400,,,,,"{""item"": ""Recipientes"", ""quantity"": ""4"", ""planned_mxn"": ""400"", ""estimate_kind"": ""PLAN_ALLOCATION_LOT_TOTAL"", ""status"": ""QUOTE_PENDING""}",
PLAN_ALLOCATION,PLAN-21,,Fabricacion funcional,1,PLAN_REFERENCE,1700,,,,,"{""item"": ""Fabricacion funcional"", ""quantity"": ""1"", ""planned_mxn"": ""1700"", ""estimate_kind"": ""PLAN_ALLOCATION"", ""status"": ""QUOTE_PENDING""}",
PLAN_ALLOCATION,PLAN-22,,Repuestos,1,PLAN_REFERENCE,200,,,,,"{""item"": ""Repuestos"", ""quantity"": ""1"", ""planned_mxn"": ""200"", ""estimate_kind"": ""PLAN_ALLOCATION"", ""status"": ""QUOTE_PENDING""}",
PLAN_ALLOCATION,PLAN-23,,Envios,1,PLAN_REFERENCE,250,,,,,"{""item"": ""Envios"", ""quantity"": ""1"", ""planned_mxn"": ""250"", ""estimate_kind"": ""PLAN_ALLOCATION"", ""status"": ""QUOTE_PENDING""}",
PLAN_ALLOCATION,PLAN-24,,Reserva,1,PLAN_REFERENCE,900,,,,,"{""item"": ""Reserva"", ""quantity"": ""1"", ""planned_mxn"": ""900"", ""estimate_kind"": ""PLAN_ALLOCATION"", ""status"": ""NOT_SPENT""}",
MVP_ADDITION,MVP-83,,nEN external pull-up: 10 kOhm 1% 1/4W CONFIGURED_BASELINE; persistent driver-side 3V3,1,REQUIRED_MVP,,,,10kOhm 1% 0.25W; package TBC_MODEL,QUOTE_PENDING; PENDING_PHYSICAL_VALIDATION,,
MVP_ADDITION,MVP-84,,Feedback potencia aislado/adaptado 12V -> logica <=3V3,1,TBC_MODEL,,,,,,,
MVP_ADDITION,MVP-85,,Superficie mate uniforme en bandeja,1,CONSUMABLE,,,,,,,
MVP_ADDITION,MVP-86,,Topes de sobrecarga para celda y retenedores de arnes,TBC_MEASURE,MECHANICAL,,,,,,,
MVP_ADDITION,MVP-87,,Dry-contact external pull-ups: 10 kOhm 1% 1/4W CONFIGURED_BASELINE; 9 used + 3 spares,12,REQUIRED_MVP,,,,10kOhm 1% 0.25W; package TBC_MODEL,QUOTE_PENDING; PENDING_PHYSICAL_VALIDATION,,
MVP_ADDITION,MVP-88,,ACTUATOR_ENABLE separate physical momentary button for DC safety latch; not PHYSICAL_RESET,1,REQUIRED_MVP,,,,TBC_MODEL; DC rating and isolated contacts must be verified,QUOTE_PENDING; PENDING_PHYSICAL_VALIDATION,,
